Tanggal sesi,Open +1 Jam (08 WIT),Status Open +1,Close -1 Jam (04 WIT),Status Close -1,High,Jam High WIT,Waktu High pertama WIT,Jumlah kemunculan High,Low,Jam Low WIT,Waktu Low pertama WIT,Jumlah kemunculan Low,Jumlah candle M1,Cakupan sesi (%)
2025-01-02,2623.78,Tersedia,2654.75,Tersedia,2660.46,4,2025-01-03 04:28:00+09:00,1,2621.48,7,2025-01-02 07:45:00+09:00,1,1320,100.0
2025-01-03,2658.44,Tersedia,2639.4,Tersedia,2665.15,11,2025-01-03 11:27:00+09:00,1,2636.89,4,2025-01-04 04:54:00+09:00,1,1320,100.0
2025-01-06,2641.05,Tersedia,2634.38,Tersedia,2649.45,19,2025-01-06 19:44:00+09:00,1,2614.45,22,2025-01-06 22:18:00+09:00,1,1320,100.0
2025-01-07,2634.7,Tersedia,2649.22,Tersedia,2664.33,21,2025-01-07 21:58:00+09:00,1,2632.98,8,2025-01-07 08:29:00+09:00,2,1085,82.1969696969697
2025-01-08,2649.69,Tersedia,2658.41,Tersedia,2670.0,0,2025-01-09 00:58:00+09:00,1,2645.25,12,2025-01-08 12:53:00+09:00,1,1320,100.0
2025-01-09,2662.59,Tersedia,2670.11,Tersedia,2678.23,21,2025-01-09 21:37:00+09:00,1,2655.51,12,2025-01-09 12:37:00+09:00,1,1320,100.0
2025-01-10,2669.8,Tersedia,2685.72,Tersedia,2698.01,23,2025-01-10 23:36:00+09:00,2,2663.96,21,2025-01-10 21:34:00+09:00,1,1320,100.0
2025-01-13,2691.16,Tersedia,2658.95,Tersedia,2693.27,8,2025-01-13 08:12:00+09:00,1,2656.84,3,2025-01-14 03:07:00+09:00,1,1320,100.0
2025-01-14,2668.09,Tersedia,2674.32,Tersedia,2676.58,4,2025-01-15 04:59:00+09:00,1,2659.86,22,2025-01-14 22:12:00+09:00,1,1320,100.0
2025-01-15,2675.61,Tersedia,2694.15,Tersedia,2696.51,4,2025-01-16 04:59:00+09:00,1,2669.39,10,2025-01-15 10:00:00+09:00,1,1320,100.0
2025-01-16,2694.95,Tersedia,2715.19,Tersedia,2724.76,1,2025-01-17 01:38:00+09:00,1,2690.03,14,2025-01-16 14:20:00+09:00,1,1320,100.0
2025-01-17,2714.69,Tersedia,2703.17,Tersedia,2717.38,11,2025-01-17 11:08:00+09:00,1,2699.8,4,2025-01-18 04:04:00+09:00,1,1320,100.0
2025-01-20,2696.48,Tersedia,,Tidak tersedia,2713.76,14,2025-01-20 14:53:00+09:00,1,2689.26,9,2025-01-20 09:08:00+09:00,1,1230,93.18181818181817
2025-01-21,2710.45,Tersedia,2742.64,Tersedia,2746.02,2,2025-01-22 02:42:00+09:00,1,2702.81,9,2025-01-21 09:00:00+09:00,1,1320,100.0
2025-01-22,2744.38,Tersedia,2755.24,Tersedia,2763.45,18,2025-01-22 18:36:00+09:00,1,2741.1,7,2025-01-22 07:00:00+09:00,1,1320,100.0
2025-01-23,2755.42,Tersedia,2754.06,Tersedia,2758.92,1,2025-01-24 01:45:00+09:00,1,2735.58,21,2025-01-23 21:41:00+09:00,1,1320,100.0
2025-01-24,2754.65,Tersedia,2774.66,Tersedia,2785.94,23,2025-01-24 23:36:00+09:00,1,2753.49,7,2025-01-24 07:07:00+09:00,1,1320,100.0
2025-01-27,2767.18,Tersedia,2739.41,Tersedia,2772.53,9,2025-01-27 09:05:00+09:00,1,2730.48,1,2025-01-28 01:12:00+09:00,1,1320,100.0
2025-01-28,2741.76,Tersedia,2764.9,Tersedia,2765.11,4,2025-01-29 04:53:00+09:00,1,2734.81,16,2025-01-28 16:33:00+09:00,1,1320,100.0
2025-01-29,2762.75,Tersedia,2755.1,Tersedia,2766.2,9,2025-01-29 09:39:00+09:00,1,2744.76,3,2025-01-30 03:25:00+09:00,1,1320,100.0
2025-01-30,2760.31,Tersedia,2793.38,Tersedia,2798.32,0,2025-01-31 00:01:00+09:00,1,2758.23,7,2025-01-30 07:05:00+09:00,1,1320,100.0
2025-01-31,2796.28,Tersedia,2796.24,Tersedia,2817.23,23,2025-01-31 23:13:00+09:00,1,2791.02,18,2025-01-31 18:37:00+09:00,1,1320,100.0
2025-02-03,2792.49,Tersedia,2818.21,Tersedia,2830.4,22,2025-02-03 22:58:00+09:00,1,2772.17,11,2025-02-03 11:38:00+09:00,1,1320,100.0
2025-02-04,2814.11,Tersedia,2843.13,Tersedia,2845.49,23,2025-02-04 23:34:00+09:00,1,2807.19,15,2025-02-04 15:30:00+09:00,1,1320,100.0
2025-02-05,2841.26,Tersedia,2863.57,Tersedia,2882.49,23,2025-02-05 23:52:00+09:00,1,2839.67,9,2025-02-05 09:45:00+09:00,1,1320,100.0
2025-02-06,2869.25,Tersedia,2853.8,Tersedia,2873.28,10,2025-02-06 10:02:00+09:00,1,2834.1,23,2025-02-06 23:08:00+09:00,1,1320,100.0
2025-02-07,2858.05,Tersedia,2859.67,Tersedia,2886.68,23,2025-02-07 23:46:00+09:00,1,2852.39,21,2025-02-07 21:33:00+09:00,1,1320,100.0
2025-02-10,2867.64,Tersedia,2904.33,Tersedia,2911.77,23,2025-02-10 23:40:00+09:00,1,2854.81,7,2025-02-10 07:00:00+09:00,1,1320,100.0
2025-02-11,2917.96,Tersedia,2899.97,Tersedia,2942.58,10,2025-02-11 10:13:00+09:00,3,2881.81,21,2025-02-11 21:19:00+09:00,1,1320,100.0
2025-02-12,2898.68,Tersedia,2897.97,Tersedia,2909.15,1,2025-02-13 01:14:00+09:00,1,2863.54,21,2025-02-12 21:31:00+09:00,1,1320,100.0
2025-02-13,2905.79,Tersedia,2926.84,Tersedia,2928.96,4,2025-02-14 04:59:00+09:00,1,2900.56,7,2025-02-13 07:34:00+09:00,1,1320,100.0
2025-02-14,2931.17,Tersedia,2880.45,Tersedia,2940.06,18,2025-02-14 18:36:00+09:00,1,2877.03,4,2025-02-15 04:42:00+09:00,1,1320,100.0
2025-02-17,2879.46,Tersedia,,Tidak tersedia,2906.4,17,2025-02-17 17:22:00+09:00,1,2877.6,7,2025-02-17 07:50:00+09:00,1,1230,93.18181818181817
2025-02-18,2899.19,Tersedia,2935.89,Tersedia,2937.05,3,2025-02-19 03:56:00+09:00,1,2891.98,9,2025-02-18 09:35:00+09:00,1,1320,100.0
2025-02-19,2934.06,Tersedia,2931.81,Tersedia,2947.05,18,2025-02-19 18:06:00+09:00,1,2918.61,2,2025-02-20 02:26:00+09:00,1,1319,99.92424242424242
2025-02-20,2935.25,Tersedia,2938.06,Tersedia,2954.91,17,2025-02-20 17:00:00+09:00,1,2924.26,22,2025-02-20 22:14:00+09:00,1,1320,100.0
2025-02-21,2941.39,Tersedia,2933.22,Tersedia,2949.59,9,2025-02-21 09:20:00+09:00,1,2916.74,16,2025-02-21 16:22:00+09:00,1,1320,100.0
2025-02-24,2936.8,Tersedia,2949.21,Tersedia,2956.18,22,2025-02-24 22:00:00+09:00,1,2921.33,9,2025-02-24 09:24:00+09:00,1,1320,100.0
2025-02-25,2950.05,Tersedia,2912.16,Tersedia,2953.79,7,2025-02-25 07:04:00+09:00,1,2888.27,0,2025-02-26 00:08:00+09:00,1,1320,100.0
2025-02-26,2918.85,Tersedia,2913.89,Tersedia,2930.08,9,2025-02-26 09:25:00+09:00,1,2890.77,22,2025-02-26 22:31:00+09:00,1,1320,100.0
2025-02-27,2919.12,Tersedia,2879.29,Tersedia,2920.76,7,2025-02-27 07:43:00+09:00,1,2867.79,22,2025-02-27 22:51:00+09:00,1,1320,100.0
2025-02-28,2876.04,Tersedia,2849.48,Tersedia,2885.05,9,2025-02-28 09:10:00+09:00,1,2832.57,23,2025-02-28 23:00:00+09:00,1,1320,100.0
2025-03-03,2871.17,Tersedia,2881.55,Tersedia,2893.09,0,2025-03-04 00:46:00+09:00,1,2857.88,7,2025-03-03 07:00:00+09:00,1,1320,100.0
2025-03-04,2890.97,Tersedia,2915.92,Tersedia,2927.76,21,2025-03-04 21:09:00+09:00,1,2881.99,9,2025-03-04 09:27:00+09:00,1,1320,100.0
2025-03-05,2914.29,Tersedia,2920.58,Tersedia,2930.06,0,2025-03-06 00:43:00+09:00,1,2894.3,21,2025-03-05 21:52:00+09:00,1,1320,100.0
2025-03-06,2918.22,Tersedia,2913.73,Tersedia,2926.52,10,2025-03-06 10:05:00+09:00,1,2891.12,17,2025-03-06 17:56:00+09:00,1,1320,100.0
2025-03-07,2910.09,Tersedia,2905.23,Tersedia,2930.33,23,2025-03-07 23:07:00+09:00,1,2894.8,8,2025-03-07 08:10:00+09:00,1,1320,100.0
2025-03-10,2916.57,Tersedia,2885.23,Tersedia,2918.22,9,2025-03-10 09:11:00+09:00,1,2880.28,3,2025-03-11 03:07:00+09:00,1,1319,99.92424242424242
2025-03-11,2884.53,Tersedia,2918.19,Tersedia,2922.03,21,2025-03-11 21:46:00+09:00,1,2880.26,9,2025-03-11 09:04:00+09:00,1,1319,99.92424242424242
2025-03-12,2915.57,Tersedia,2931.19,Tersedia,2940.63,1,2025-03-13 01:46:00+09:00,1,2905.97,21,2025-03-12 21:25:00+09:00,1,1319,99.92424242424242
2025-03-13,2938.02,Tersedia,2982.93,Tersedia,2989.1,4,2025-03-14 04:58:00+09:00,1,2932.99,15,2025-03-13 15:52:00+09:00,1,1319,99.92424242424242
2025-03-14,2986.06,Tersedia,2984.0,Tersedia,3004.85,18,2025-03-14 18:18:00+09:00,1,2978.45,23,2025-03-14 23:20:00+09:00,1,1317,99.77272727272727
2025-03-17,2990.06,Tersedia,3000.21,Tersedia,3001.99,4,2025-03-18 04:46:00+09:00,1,2982.22,13,2025-03-17 13:13:00+09:00,1,1319,99.92424242424242
2025-03-18,2999.89,Tersedia,3035.58,Tersedia,3038.26,21,2025-03-18 21:31:00+09:00,1,2999.56,9,2025-03-18 09:01:00+09:00,1,1319,99.92424242424242
2025-03-19,3031.77,Tersedia,3047.62,Tersedia,3051.84,3,2025-03-20 03:10:00+09:00,1,3022.89,17,2025-03-19 17:05:00+09:00,1,1319,99.92424242424242
2025-03-20,3050.11,Tersedia,3044.73,Tersedia,3057.26,12,2025-03-20 12:45:00+09:00,1,3025.52,18,2025-03-20 18:31:00+09:00,1,1319,99.92424242424242
2025-03-21,3046.34,Tersedia,3020.13,Tersedia,3047.39,8,2025-03-21 08:01:00+09:00,1,2999.55,22,2025-03-21 22:10:00+09:00,1,1317,99.77272727272727
2025-03-24,3024.44,Tersedia,3006.04,Tersedia,3033.22,18,2025-03-24 18:30:00+09:00,1,3002.46,2,2025-03-25 02:12:00+09:00,1,1319,99.92424242424242
2025-03-25,3010.17,Tersedia,3019.56,Tersedia,3035.95,22,2025-03-25 22:06:00+09:00,1,3007.64,10,2025-03-25 10:52:00+09:00,2,1319,99.92424242424242
2025-03-26,3021.01,Tersedia,3017.3,Tersedia,3032.04,16,2025-03-26 16:02:00+09:00,3,3012.45,23,2025-03-26 23:02:00+09:00,1,1319,99.92424242424242
2025-03-27,3021.69,Tersedia,3057.47,Tersedia,3059.56,22,2025-03-27 22:50:00+09:00,1,3017.6,7,2025-03-27 07:07:00+09:00,1,1319,99.92424242424242
2025-03-28,3055.55,Tersedia,3080.9,Tersedia,3086.77,22,2025-03-28 22:06:00+09:00,1,3054.17,7,2025-03-28 07:11:00+09:00,1,1317,99.77272727272727
2025-03-31,3090.01,Tersedia,3121.44,Tersedia,3127.94,15,2025-03-31 15:13:00+09:00,1,3076.72,10,2025-03-31 10:01:00+09:00,1,1320,100.0
2025-04-01,3122.81,Tersedia,3114.17,Tersedia,3149.04,14,2025-04-01 14:38:00+09:00,1,3100.87,1,2025-04-02 01:18:00+09:00,1,1320,100.0
2025-04-02,3111.43,Tersedia,3121.88,Tersedia,3135.64,11,2025-04-02 11:05:00+09:00,1,3107.76,7,2025-04-02 07:20:00+09:00,1,1320,100.0
2025-04-03,3145.77,Tersedia,3111.64,Tersedia,3167.73,8,2025-04-03 08:53:00+09:00,1,3054.08,22,2025-04-03 22:12:00+09:00,1,1320,100.0
2025-04-04,3115.34,Tersedia,3025.5,Tersedia,3136.58,20,2025-04-04 20:13:00+09:00,1,3015.78,2,2025-04-05 02:30:00+09:00,1,1317,99.77272727272727
2025-04-07,3009.44,Tersedia,2965.79,Tersedia,3055.31,11,2025-04-07 11:11:00+09:00,1,2956.26,2,2025-04-08 02:30:00+09:00,1,1320,100.0
2025-04-08,2986.73,Tersedia,2983.41,Tersedia,3022.73,22,2025-04-08 22:18:00+09:00,1,2974.73,2,2025-04-09 02:31:00+09:00,1,1320,100.0
2025-04-09,2982.39,Tersedia,3067.2,Tersedia,3099.6,4,2025-04-10 04:45:00+09:00,1,2970.07,8,2025-04-09 08:38:00+09:00,1,1318,99.84848484848486
2025-04-10,3080.24,Tersedia,3173.4,Tersedia,3176.41,4,2025-04-11 04:54:00+09:00,1,3071.36,7,2025-04-10 07:08:00+09:00,1,1320,100.0
2025-04-11,3188.78,Tersedia,3235.76,Tersedia,3245.36,1,2025-04-12 01:08:00+09:00,1,3176.0,7,2025-04-11 07:00:00+09:00,1,1320,100.0
2025-04-14,3221.43,Tersedia,3208.08,Tersedia,3245.69,11,2025-04-14 11:10:00+09:00,1,3193.57,22,2025-04-14 22:16:00+09:00,1,1320,100.0
2025-04-15,3212.19,Tersedia,3229.16,Tersedia,3232.68,13,2025-04-15 13:59:00+09:00,1,3210.01,10,2025-04-15 10:00:00+09:00,1,1320,100.0
2025-04-16,3241.52,Tersedia,3338.39,Tersedia,3342.47,4,2025-04-17 04:09:00+09:00,1,3229.84,7,2025-04-16 07:04:00+09:00,1,1320,100.0
2025-04-17,3351.22,Tersedia,3316.45,Tersedia,3357.65,7,2025-04-17 07:20:00+09:00,1,3283.84,23,2025-04-17 23:36:00+09:00,1,1320,100.0
2025-04-21,3346.25,Tersedia,3426.43,Tersedia,3430.5,4,2025-04-22 04:09:00+09:00,1,3329.03,7,2025-04-21 07:01:00+09:00,1,1320,100.0
2025-04-22,3431.09,Tersedia,3381.38,Tersedia,3499.98,15,2025-04-22 15:18:00+09:00,1,3366.78,4,2025-04-23 04:36:00+09:00,1,1320,100.0
2025-04-23,3328.14,Tersedia,3282.77,Tersedia,3386.58,10,2025-04-23 10:46:00+09:00,1,3259.98,23,2025-04-23 23:11:00+09:00,1,1319,99.92424242424242
2025-04-24,3309.03,Tersedia,3334.89,Tersedia,3367.17,10,2025-04-24 10:39:00+09:00,1,3288.83,7,2025-04-24 07:00:00+09:00,1,1320,100.0
2025-04-25,3366.97,Tersedia,3288.46,Tersedia,3370.76,7,2025-04-25 07:36:00+09:00,1,3265.19,22,2025-04-25 22:31:00+09:00,1,1320,100.0
2025-04-28,3310.63,Tersedia,3349.05,Tersedia,3353.0,4,2025-04-29 04:58:00+09:00,1,3268.19,11,2025-04-28 11:13:00+09:00,1,1320,100.0
2025-04-29,3337.91,Tersedia,3319.94,Tersedia,3348.67,7,2025-04-29 07:02:00+09:00,1,3299.69,23,2025-04-29 23:08:00+09:00,1,1320,100.0
2025-04-30,3318.95,Tersedia,3301.89,Tersedia,3328.02,9,2025-04-30 09:13:00+09:00,1,3267.13,21,2025-04-30 21:05:00+09:00,1,1320,100.0
2025-05-01,3274.25,Tersedia,3223.87,Tersedia,3290.21,7,2025-05-01 07:02:00+09:00,1,3201.91,21,2025-05-01 21:02:00+09:00,1,1319,99.92424242424242
2025-05-02,3237.95,Tersedia,3226.42,Tersedia,3269.28,20,2025-05-02 20:49:00+09:00,1,3222.78,1,2025-05-03 01:58:00+09:00,1,1313,99.46969696969697
2025-05-05,3239.83,Tersedia,3323.18,Tersedia,3337.54,4,2025-05-06 04:40:00+09:00,1,3237.44,7,2025-05-05 07:04:00+09:00,2,1320,100.0
2025-05-06,3330.51,Tersedia,3415.67,Tersedia,3424.04,4,2025-05-07 04:55:00+09:00,1,3323.52,9,2025-05-06 09:47:00+09:00,1,1320,100.0
2025-05-07,3381.42,Tersedia,3385.3,Tersedia,3437.85,7,2025-05-07 07:00:00+09:00,1,3360.21,10,2025-05-07 10:33:00+09:00,1,1320,100.0
2025-05-08,3369.89,Tersedia,3308.48,Tersedia,3414.78,11,2025-05-08 11:02:00+09:00,1,3288.75,4,2025-05-09 04:22:00+09:00,1,1320,100.0
2025-05-09,3323.84,Tersedia,3338.77,Tersedia,3347.53,1,2025-05-10 01:16:00+09:00,1,3274.86,11,2025-05-09 11:13:00+09:00,1,1320,100.0
2025-05-12,3272.68,Tersedia,3229.66,Tersedia,3299.73,7,2025-05-12 07:04:00+09:00,1,3207.74,19,2025-05-12 19:56:00+09:00,1,1320,100.0
2025-05-13,3233.89,Tersedia,3248.9,Tersedia,3265.43,15,2025-05-13 15:51:00+09:00,1,3215.99,10,2025-05-13 10:45:00+09:00,1,1320,100.0
2025-05-14,3254.47,Tersedia,3171.89,Tersedia,3257.05,8,2025-05-14 08:06:00+09:00,1,3168.03,4,2025-05-15 04:02:00+09:00,1,1320,100.0
2025-05-15,3182.65,Tersedia,3223.26,Tersedia,3232.66,4,2025-05-16 04:59:00+09:00,1,3120.78,15,2025-05-15 15:03:00+09:00,1,1320,100.0
2025-05-16,3251.19,Tersedia,3187.51,Tersedia,3252.14,7,2025-05-16 07:59:00+09:00,1,3154.35,20,2025-05-16 20:55:00+09:00,1,1320,100.0
2025-05-19,3239.23,Tersedia,3233.49,Tersedia,3249.75,9,2025-05-19 09:17:00+09:00,1,3206.42,7,2025-05-19 07:01:00+09:00,1,1320,100.0
2025-05-20,3226.77,Tersedia,3287.53,Tersedia,3295.08,4,2025-05-21 04:55:00+09:00,1,3204.57,12,2025-05-20 12:03:00+09:00,1,1315,99.62121212121212
2025-05-21,3296.84,Tersedia,3314.34,Tersedia,3324.84,4,2025-05-22 04:27:00+09:00,1,3285.56,10,2025-05-21 10:25:00+09:00,1,1320,100.0
2025-05-22,3317.92,Tersedia,3294.02,Tersedia,3345.31,12,2025-05-22 12:18:00+09:00,1,3279.37,23,2025-05-22 23:01:00+09:00,1,1319,99.92424242424242
2025-05-23,3297.76,Tersedia,3362.13,Tersedia,3365.87,2,2025-05-24 02:30:00+09:00,1,3287.05,9,2025-05-23 09:52:00+09:00,1,1320,100.0
2025-05-26,3344.51,Tersedia,,Tidak tersedia,3356.76,11,2025-05-26 11:47:00+09:00,1,3323.52,18,2025-05-26 18:26:00+09:00,1,1149,87.04545454545455
2025-05-27,3347.66,Tersedia,3303.1,Tersedia,3349.77,9,2025-05-27 09:15:00+09:00,1,3284.9,23,2025-05-27 23:00:00+09:00,1,1284,97.27272727272728
2025-05-28,3303.47,Tersedia,3302.05,Tersedia,3325.44,18,2025-05-28 18:46:00+09:00,1,3288.62,1,2025-05-29 01:45:00+09:00,1,1320,100.0
2025-05-29,3286.58,Tersedia,3321.1,Tersedia,3331.23,1,2025-05-30 01:15:00+09:00,1,3245.52,10,2025-05-29 10:19:00+09:00,1,1320,100.0
2025-05-30,3314.48,Tersedia,3293.81,Tersedia,3322.7,10,2025-05-30 10:22:00+09:00,1,3271.82,23,2025-05-30 23:02:00+09:00,1,1320,100.0
2025-06-02,3313.06,Tersedia,3379.15,Tersedia,3382.34,4,2025-06-03 04:59:00+09:00,1,3295.92,7,2025-06-02 07:00:00+09:00,1,1320,100.0
2025-06-03,3390.07,Tersedia,3353.58,Tersedia,3392.24,8,2025-06-03 08:25:00+09:00,1,3333.2,23,2025-06-03 23:05:00+09:00,1,1320,100.0
2025-06-04,3357.17,Tersedia,3376.18,Tersedia,3384.65,23,2025-06-04 23:44:00+09:00,1,3343.8,20,2025-06-04 20:28:00+09:00,1,1320,100.0
2025-06-05,3373.58,Tersedia,3353.6,Tersedia,3403.33,20,2025-06-05 20:15:00+09:00,1,3339.61,0,2025-06-06 00:56:00+09:00,1,1320,100.0
2025-06-06,3359.05,Tersedia,3317.48,Tersedia,3375.6,14,2025-06-06 14:05:00+09:00,1,3311.35,4,2025-06-07 04:58:00+09:00,1,1320,100.0
2025-06-09,3314.82,Tersedia,3333.15,Tersedia,3338.16,2,2025-06-10 02:00:00+09:00,1,3293.61,11,2025-06-09 11:00:00+09:00,1,1320,100.0
2025-06-10,3323.65,Tersedia,3321.61,Tersedia,3349.08,22,2025-06-10 22:47:00+09:00,1,3301.94,11,2025-06-10 11:30:00+09:00,1,1319,99.92424242424242
2025-06-11,3324.48,Tersedia,3343.88,Tersedia,3360.68,21,2025-06-11 21:36:00+09:00,1,3315.53,8,2025-06-11 08:22:00+09:00,1,1320,100.0
2025-06-12,3368.9,Tersedia,3385.67,Tersedia,3398.77,22,2025-06-12 22:45:00+09:00,1,3338.67,16,2025-06-12 16:44:00+09:00,1,1318,99.84848484848486
2025-06-13,3383.43,Tersedia,3436.53,Tersedia,3446.8,22,2025-06-13 22:37:00+09:00,1,3379.81,7,2025-06-13 07:40:00+09:00,1,1320,100.0
2025-06-16,3448.41,Tersedia,3385.41,Tersedia,3451.23,9,2025-06-16 09:27:00+09:00,1,3382.76,22,2025-06-16 22:56:00+09:00,1,1320,100.0
2025-06-17,3395.5,Tersedia,3382.99,Tersedia,3403.24,9,2025-06-17 09:37:00+09:00,1,3366.15,23,2025-06-17 23:38:00+09:00,2,1320,100.0
2025-06-18,3389.18,Tersedia,3379.08,Tersedia,3400.01,13,2025-06-18 13:46:00+09:00,1,3362.98,4,2025-06-19 04:31:00+09:00,1,1320,100.0
2025-06-19,3375.23,Tersedia,,Tidak tersedia,3387.93,10,2025-06-19 10:05:00+09:00,1,3347.65,15,2025-06-19 15:42:00+09:00,1,1230,93.18181818181817
2025-06-20,3365.78,Tersedia,3366.71,Tersedia,3374.51,23,2025-06-20 23:12:00+09:00,1,3340.37,15,2025-06-20 15:43:00+09:00,1,1320,100.0
2025-06-23,3379.07,Tersedia,3378.64,Tersedia,3396.7,7,2025-06-23 07:00:00+09:00,1,3347.12,14,2025-06-23 14:36:00+09:00,1,1320,100.0
2025-06-24,3355.53,Tersedia,3317.11,Tersedia,3369.94,7,2025-06-24 07:00:00+09:00,1,3295.5,22,2025-06-24 22:49:00+09:00,1,1320,100.0
2025-06-25,3321.64,Tersedia,3331.6,Tersedia,3337.07,16,2025-06-25 16:46:00+09:00,1,3311.98,22,2025-06-25 22:35:00+09:00,1,1320,100.0
2025-06-26,3333.23,Tersedia,3334.1,Tersedia,3350.28,17,2025-06-26 17:58:00+09:00,1,3309.99,22,2025-06-26 22:36:00+09:00,1,1320,100.0
2025-06-27,3321.44,Tersedia,3275.85,Tersedia,3327.96,7,2025-06-27 07:00:00+09:00,1,3255.89,22,2025-06-27 22:30:00+09:00,1,1320,100.0
2025-06-30,3263.77,Tersedia,3298.46,Tersedia,3309.41,4,2025-07-01 04:59:00+09:00,1,3248.48,7,2025-06-30 07:28:00+09:00,1,1320,100.0
2025-07-01,3311.44,Tersedia,3337.96,Tersedia,3357.92,21,2025-07-01 21:41:00+09:00,1,3302.38,7,2025-07-01 07:09:00+09:00,1,1320,100.0
2025-07-02,3341.77,Tersedia,3354.99,Tersedia,3359.45,4,2025-07-03 04:57:00+09:00,1,3327.61,16,2025-07-02 16:28:00+09:00,1,1320,100.0
2025-07-03,3361.95,Tersedia,3329.03,Tersedia,3365.74,7,2025-07-03 07:28:00+09:00,1,3311.69,21,2025-07-03 21:44:00+09:00,1,771,58.409090909090914
2025-07-04,3329.08,Tersedia,,Tidak tersedia,3344.18,17,2025-07-04 17:32:00+09:00,1,3323.59,7,2025-07-04 07:12:00+09:00,1,734,55.6060606060606
2025-07-07,3333.52,Tersedia,3334.34,Tersedia,3342.76,7,2025-07-07 07:03:00+09:00,1,3296.45,19,2025-07-07 19:45:00+09:00,1,1319,99.92424242424242
2025-07-08,3339.75,Tersedia,3305.41,Tersedia,3345.76,7,2025-07-08 07:17:00+09:00,1,3287.13,0,2025-07-09 00:11:00+09:00,1,1319,99.92424242424242
2025-07-09,3301.6,Tersedia,3311.43,Tersedia,3316.79,4,2025-07-10 04:19:00+09:00,1,3282.77,17,2025-07-09 17:38:00+09:00,1,1320,100.0
2025-07-10,3319.55,Tersedia,3321.57,Tersedia,3330.25,20,2025-07-10 20:18:00+09:00,1,3310.12,23,2025-07-10 23:02:00+09:00,1,1320,100.0
2025-07-11,3322.94,Tersedia,3356.15,Tersedia,3368.75,0,2025-07-12 00:20:00+09:00,1,3321.78,7,2025-07-11 07:55:00+09:00,1,1320,100.0
2025-07-14,3369.61,Tersedia,3348.86,Tersedia,3374.92,16,2025-07-14 16:30:00+09:00,1,3341.05,23,2025-07-14 23:45:00+09:00,1,1320,100.0
2025-07-15,3345.48,Tersedia,3328.85,Tersedia,3366.73,19,2025-07-15 19:05:00+09:00,1,3320.25,1,2025-07-16 01:18:00+09:00,1,1320,100.0
2025-07-16,3326.59,Tersedia,3350.32,Tersedia,3377.48,0,2025-07-17 00:30:00+09:00,1,3319.62,23,2025-07-16 23:33:00+09:00,1,1320,100.0
2025-07-17,3349.6,Tersedia,3338.53,Tersedia,3352.22,7,2025-07-17 07:18:00+09:00,1,3309.9,21,2025-07-17 21:57:00+09:00,1,1315,99.62121212121212
2025-07-18,3343.25,Tersedia,3351.27,Tersedia,3361.24,21,2025-07-18 21:53:00+09:00,1,3331.8,15,2025-07-18 15:05:00+09:00,1,1316,99.69696969696969
2025-07-21,3347.67,Tersedia,3395.46,Tersedia,3401.59,23,2025-07-21 23:41:00+09:00,1,3345.0,7,2025-07-21 07:20:00+09:00,1,1315,99.62121212121212
2025-07-22,3399.54,Tersedia,3429.53,Tersedia,3433.53,2,2025-07-23 02:04:00+09:00,1,3383.26,16,2025-07-22 16:31:00+09:00,1,1315,99.62121212121212
2025-07-23,3427.88,Tersedia,3393.71,Tersedia,3438.77,9,2025-07-23 09:24:00+09:00,1,3381.52,1,2025-07-24 01:21:00+09:00,1,1313,99.46969696969697
2025-07-24,3386.71,Tersedia,3371.91,Tersedia,3393.35,10,2025-07-24 10:04:00+09:00,1,3351.39,22,2025-07-24 22:00:00+09:00,1,1314,99.54545454545455
2025-07-25,3368.81,Tersedia,3338.74,Tersedia,3373.55,9,2025-07-25 09:47:00+09:00,1,3325.08,0,2025-07-26 00:44:00+09:00,1,1315,99.62121212121212
2025-07-28,3329.6,Tersedia,3313.61,Tersedia,3345.2,15,2025-07-28 15:01:00+09:00,1,3301.8,23,2025-07-28 23:00:00+09:00,1,1315,99.62121212121212
2025-07-29,3314.45,Tersedia,3325.88,Tersedia,3334.14,0,2025-07-30 00:07:00+09:00,1,3307.94,9,2025-07-29 09:41:00+09:00,1,1315,99.62121212121212
2025-07-30,3327.85,Tersedia,3280.27,Tersedia,3334.05,18,2025-07-30 18:58:00+09:00,1,3268.17,4,2025-07-31 04:37:00+09:00,1,1315,99.62121212121212
2025-07-31,3278.97,Tersedia,3295.71,Tersedia,3314.81,17,2025-07-31 17:23:00+09:00,1,3276.45,7,2025-07-31 07:10:00+09:00,1,1315,99.62121212121212
2025-08-01,3295.01,Tersedia,3347.8,Tersedia,3361.27,4,2025-08-02 04:49:00+09:00,1,3281.59,10,2025-08-01 10:57:00+09:00,1,1315,99.62121212121212
2025-08-04,3359.11,Tersedia,3375.69,Tersedia,3385.37,22,2025-08-04 22:55:00+09:00,1,3345.07,10,2025-08-04 10:25:00+09:00,1,1315,99.62121212121212
2025-08-05,3374.74,Tersedia,3380.0,Tersedia,3390.38,1,2025-08-06 01:03:00+09:00,1,3349.99,20,2025-08-05 20:39:00+09:00,3,1315,99.62121212121212
2025-08-06,3379.62,Tersedia,3371.86,Tersedia,3385.62,9,2025-08-06 09:32:00+09:00,1,3358.24,18,2025-08-06 18:51:00+09:00,2,1315,99.62121212121212
2025-08-07,3372.03,Tersedia,3388.25,Tersedia,3400.74,4,2025-08-08 04:55:00+09:00,1,3365.3,9,2025-08-07 09:04:00+09:00,1,1315,99.62121212121212
2025-08-08,3403.86,Tersedia,3395.4,Tersedia,3408.84,7,2025-08-08 07:05:00+09:00,1,3376.62,3,2025-08-09 03:00:00+09:00,1,1315,99.62121212121212
2025-08-11,3395.3,Tersedia,3356.16,Tersedia,3401.85,7,2025-08-11 07:05:00+09:00,1,3341.4,2,2025-08-12 02:32:00+09:00,1,1315,99.62121212121212
2025-08-12,3346.92,Tersedia,3348.91,Tersedia,3359.03,0,2025-08-13 00:29:00+09:00,1,3331.13,23,2025-08-12 23:19:00+09:00,1,1315,99.62121212121212
2025-08-13,3350.45,Tersedia,3353.71,Tersedia,3370.76,23,2025-08-13 23:09:00+09:00,1,3342.72,9,2025-08-13 09:53:00+09:00,1,1315,99.62121212121212
2025-08-14,3357.59,Tersedia,3337.98,Tersedia,3374.81,9,2025-08-14 09:32:00+09:00,1,3329.85,1,2025-08-15 01:17:00+09:00,1,1315,99.62121212121212
2025-08-15,3333.32,Tersedia,3335.98,Tersedia,3348.67,14,2025-08-15 14:06:00+09:00,1,3332.2,8,2025-08-15 08:07:00+09:00,1,1315,99.62121212121212
2025-08-18,3334.29,Tersedia,3332.01,Tersedia,3358.39,14,2025-08-18 14:01:00+09:00,1,3323.62,8,2025-08-18 08:21:00+09:00,1,1315,99.62121212121212
2025-08-19,3334.47,Tersedia,3318.52,Tersedia,3345.29,19,2025-08-19 19:24:00+09:00,1,3314.89,2,2025-08-20 02:29:00+09:00,1,1315,99.62121212121212
2025-08-20,3316.8,Tersedia,3345.69,Tersedia,3350.19,23,2025-08-20 23:49:00+09:00,1,3311.55,10,2025-08-20 10:29:00+09:00,1,1315,99.62121212121212
2025-08-21,3349.57,Tersedia,3339.32,Tersedia,3352.06,7,2025-08-21 07:06:00+09:00,1,3325.17,20,2025-08-21 20:03:00+09:00,1,1315,99.62121212121212
2025-08-22,3339.06,Tersedia,3372.73,Tersedia,3378.79,0,2025-08-23 00:31:00+09:00,1,3321.44,21,2025-08-22 21:33:00+09:00,1,1315,99.62121212121212
2025-08-25,3367.23,Tersedia,3370.52,Tersedia,3376.22,0,2025-08-26 00:23:00+09:00,1,3359.81,11,2025-08-25 11:11:00+09:00,1,1315,99.62121212121212
2025-08-26,3364.22,Tersedia,3385.59,Tersedia,3390.83,4,2025-08-27 04:55:00+09:00,1,3351.29,9,2025-08-26 09:02:00+09:00,1,1314,99.54545454545455
2025-08-27,3391.15,Tersedia,3394.53,Tersedia,3398.81,1,2025-08-28 01:49:00+09:00,1,3373.81,16,2025-08-27 16:15:00+09:00,1,1315,99.62121212121212
2025-08-28,3395.77,Tersedia,3419.95,Tersedia,3423.17,4,2025-08-29 04:57:00+09:00,1,3384.6,11,2025-08-28 11:36:00+09:00,1,1315,99.62121212121212
2025-08-29,3416.82,Tersedia,3442.95,Tersedia,3453.88,4,2025-08-30 04:54:00+09:00,1,3404.36,20,2025-08-29 20:11:00+09:00,1,1315,99.62121212121212
2025-09-01,3450.3,Tersedia,,Tidak tersedia,3489.81,15,2025-09-01 15:40:00+09:00,1,3437.12,10,2025-09-01 10:27:00+09:00,1,1225,92.8030303030303
2025-09-02,3475.38,Tersedia,3528.33,Tersedia,3540.17,4,2025-09-03 04:46:00+09:00,1,3470.34,17,2025-09-02 17:05:00+09:00,1,1315,99.62121212121212
2025-09-03,3529.45,Tersedia,3570.4,Tersedia,3578.46,3,2025-09-04 03:13:00+09:00,1,3526.3,8,2025-09-03 08:44:00+09:00,1,1315,99.62121212121212
2025-09-04,3561.76,Tersedia,3546.32,Tersedia,3564.19,7,2025-09-04 07:30:00+09:00,1,3511.45,12,2025-09-04 12:14:00+09:00,1,1315,99.62121212121212
2025-09-05,3540.82,Tersedia,3595.48,Tersedia,3600.0,1,2025-09-06 01:25:00+09:00,1,3539.79,7,2025-09-05 07:46:00+09:00,1,1315,99.62121212121212
2025-09-08,3592.2,Tersedia,3636.04,Tersedia,3646.35,0,2025-09-09 00:14:00+09:00,1,3579.64,13,2025-09-08 13:03:00+09:00,1,1315,99.62121212121212
2025-09-09,3629.64,Tersedia,3640.45,Tersedia,3674.12,23,2025-09-09 23:01:00+09:00,1,3626.91,0,2025-09-10 00:18:00+09:00,1,1315,99.62121212121212
2025-09-10,3635.49,Tersedia,3645.33,Tersedia,3657.57,21,2025-09-10 21:30:00+09:00,1,3620.29,10,2025-09-10 10:29:00+09:00,1,1320,100.0
2025-09-11,3640.02,Tersedia,3632.31,Tersedia,3649.09,10,2025-09-11 10:30:00+09:00,1,3613.51,21,2025-09-11 21:30:00+09:00,1,1320,100.0
2025-09-12,3634.84,Tersedia,3648.41,Tersedia,3656.63,14,2025-09-12 14:18:00+09:00,1,3630.59,9,2025-09-12 09:30:00+09:00,1,1320,100.0
2025-09-15,3642.04,Tersedia,3676.94,Tersedia,3685.5,1,2025-09-16 01:34:00+09:00,1,3626.69,10,2025-09-15 10:12:00+09:00,1,1320,100.0
2025-09-16,3678.8,Tersedia,3690.66,Tersedia,3703.06,23,2025-09-16 23:18:00+09:00,2,3674.68,11,2025-09-16 11:46:00+09:00,1,1320,100.0
2025-09-17,3691.9,Tersedia,3650.7,Tersedia,3707.42,3,2025-09-18 03:09:00+09:00,1,3646.21,3,2025-09-18 03:57:00+09:00,1,1320,100.0
2025-09-18,3663.01,Tersedia,3641.35,Tersedia,3672.9,18,2025-09-18 18:31:00+09:00,1,3627.78,22,2025-09-18 22:45:00+09:00,1,1320,100.0
2025-09-19,3640.36,Tersedia,3683.7,Tersedia,3685.18,4,2025-09-20 04:58:00+09:00,1,3632.16,10,2025-09-19 10:51:00+09:00,1,1320,100.0
2025-09-22,3688.29,Tersedia,3747.61,Tersedia,3748.74,4,2025-09-23 04:02:00+09:00,1,3683.69,7,2025-09-22 07:06:00+09:00,1,1281,97.04545454545455
2025-09-23,3740.08,Tersedia,3756.94,Tersedia,3791.18,18,2025-09-23 18:24:00+09:00,1,3737.02,11,2025-09-23 11:56:00+09:00,1,1320,100.0
2025-09-24,3765.49,Tersedia,3724.4,Tersedia,3779.21,16,2025-09-24 16:42:00+09:00,1,3717.48,4,2025-09-25 04:28:00+09:00,1,1320,100.0
2025-09-25,3741.11,Tersedia,3755.22,Tersedia,3761.62,17,2025-09-25 17:18:00+09:00,1,3721.97,22,2025-09-25 22:47:00+09:00,1,1320,100.0
2025-09-26,3748.83,Tersedia,3778.55,Tersedia,3783.8,23,2025-09-26 23:26:00+09:00,1,3734.55,12,2025-09-26 12:15:00+09:00,1,1320,100.0
2025-09-29,3770.5,Tersedia,3824.53,Tersedia,3833.49,1,2025-09-30 01:16:00+09:00,1,3757.78,7,2025-09-29 07:00:00+09:00,1,1320,100.0
2025-09-30,3830.54,Tersedia,3848.02,Tersedia,3871.66,15,2025-09-30 15:10:00+09:00,1,3793.21,18,2025-09-30 18:47:00+09:00,1,1320,100.0
2025-10-01,3860.31,Tersedia,3862.35,Tersedia,3895.34,17,2025-10-01 17:20:00+09:00,1,3853.35,15,2025-10-01 15:21:00+09:00,1,1320,100.0
2025-10-02,3862.16,Tersedia,3850.88,Tersedia,3896.82,22,2025-10-02 22:31:00+09:00,1,3819.28,0,2025-10-03 00:38:00+09:00,1,1320,100.0
2025-10-03,3857.09,Tersedia,3886.14,Tersedia,3891.61,0,2025-10-04 00:57:00+09:00,1,3838.11,12,2025-10-03 12:34:00+09:00,1,1320,100.0
2025-10-06,3899.98,Tersedia,3958.25,Tersedia,3969.82,1,2025-10-07 01:08:00+09:00,1,3884.26,7,2025-10-06 07:10:00+09:00,1,1320,100.0
2025-10-07,3963.37,Tersedia,3981.0,Tersedia,3990.99,0,2025-10-08 00:21:00+09:00,1,3940.96,17,2025-10-07 17:06:00+09:00,1,1320,100.0
2025-10-08,3989.58,Tersedia,4049.99,Tersedia,4059.25,1,2025-10-09 01:43:00+09:00,1,3983.27,7,2025-10-08 07:01:00+09:00,1,1320,100.0
2025-10-09,4021.41,Tersedia,3957.52,Tersedia,4057.93,22,2025-10-09 22:25:00+09:00,1,3944.81,2,2025-10-10 02:16:00+09:00,1,1320,100.0
2025-10-10,3975.4,Tersedia,3998.99,Tersedia,4022.28,0,2025-10-11 00:32:00+09:00,1,3946.85,13,2025-10-10 13:14:00+09:00,1,1304,98.7878787878788
2025-10-13,4042.2,Tersedia,4101.73,Tersedia,4117.01,1,2025-10-14 01:15:00+09:00,1,4003.2,7,2025-10-13 07:00:00+09:00,1,1314,99.54545454545455
2025-10-14,4114.59,Tersedia,4148.27,Tersedia,4179.6,14,2025-10-14 14:17:00+09:00,1,4090.64,15,2025-10-14 15:24:00+09:00,1,1320,100.0
2025-10-15,4158.85,Tersedia,4200.5,Tersedia,4218.12,17,2025-10-15 17:20:00+09:00,1,4140.73,7,2025-10-15 07:04:00+09:00,1,1320,100.0
2025-10-16,4213.06,Tersedia,4290.95,Tersedia,4312.84,4,2025-10-17 04:56:00+09:00,1,4199.79,7,2025-10-16 07:15:00+09:00,1,1320,100.0
2025-10-17,4346.79,Tersedia,4236.3,Tersedia,4379.18,7,2025-10-17 07:19:00+09:00,1,4186.45,2,2025-10-18 02:04:00+09:00,1,1319,99.92424242424242
2025-10-20,4255.97,Tersedia,4359.43,Tersedia,4381.53,4,2025-10-21 04:57:00+09:00,1,4219.03,9,2025-10-20 09:29:00+09:00,1,1320,100.0
2025-10-21,4367.58,Tersedia,4115.11,Tersedia,4375.4,7,2025-10-21 07:24:00+09:00,1,4080.66,23,2025-10-21 23:45:00+09:00,1,1320,100.0
2025-10-22,4123.27,Tersedia,4077.03,Tersedia,4161.26,15,2025-10-22 15:55:00+09:00,1,4004.22,9,2025-10-22 09:12:00+09:00,1,1320,100.0
2025-10-23,4102.04,Tersedia,,Tidak tersedia,4154.66,23,2025-10-23 23:09:00+09:00,1,4066.19,9,2025-10-23 09:22:00+09:00,1,1202,91.06060606060606
2025-10-24,4116.15,Tersedia,4110.33,Tersedia,4144.14,10,2025-10-24 10:15:00+09:00,1,4044.04,20,2025-10-24 20:03:00+09:00,1,1320,100.0
2025-10-27,4065.35,Tersedia,3989.63,Tersedia,4097.65,9,2025-10-27 09:26:00+09:00,1,3971.49,23,2025-10-27 23:09:00+09:00,1,1313,99.46969696969697
2025-10-28,3998.45,Tersedia,3960.14,Tersedia,4019.75,9,2025-10-28 09:17:00+09:00,1,3886.62,17,2025-10-28 17:09:00+09:00,1,1319,99.92424242424242
2025-10-29,3964.52,Tersedia,3945.54,Tersedia,4030.22,20,2025-10-29 20:15:00+09:00,1,3927.89,4,2025-10-30 04:55:00+09:00,1,1319,99.92424242424242
2025-10-30,3952.81,Tersedia,4023.44,Tersedia,4027.32,4,2025-10-31 04:02:00+09:00,1,3915.08,11,2025-10-30 11:01:00+09:00,1,1319,99.92424242424242
2025-10-31,4036.72,Tersedia,4000.92,Tersedia,4043.09,7,2025-10-31 07:56:00+09:00,1,3972.58,0,2025-11-01 00:17:00+09:00,1,1317,99.77272727272727
2025-11-03,3979.54,Tersedia,4004.74,Tersedia,4030.74,23,2025-11-03 23:00:00+09:00,1,3962.74,8,2025-11-03 08:20:00+09:00,1,1320,100.0
2025-11-04,3997.7,Tersedia,3937.48,Tersedia,4005.77,7,2025-11-04 07:01:00+09:00,1,3928.9,22,2025-11-04 22:40:00+09:00,1,1320,100.0
2025-11-05,3934.74,Tersedia,3987.81,Tersedia,3990.32,0,2025-11-06 00:52:00+09:00,1,3929.03,8,2025-11-05 08:41:00+09:00,1,1320,100.0
2025-11-06,3973.58,Tersedia,3985.09,Tersedia,4019.55,19,2025-11-06 19:52:00+09:00,1,3964.71,9,2025-11-06 09:10:00+09:00,1,1320,100.0
2025-11-07,3988.96,Tersedia,4006.47,Tersedia,4027.79,0,2025-11-08 00:40:00+09:00,1,3974.49,7,2025-11-07 07:00:00+09:00,1,1320,100.0
2025-11-10,4011.83,Tersedia,4113.16,Tersedia,4115.82,2,2025-11-11 02:32:00+09:00,1,3997.76,7,2025-11-10 07:00:00+09:00,1,1320,100.0
2025-11-11,4120.37,Tersedia,4123.03,Tersedia,4148.7,12,2025-11-11 12:04:00+09:00,1,4097.16,23,2025-11-11 23:29:00+09:00,1,1320,100.0
2025-11-12,4142.67,Tersedia,4197.51,Tersedia,4211.86,2,2025-11-13 02:27:00+09:00,1,4099.01,13,2025-11-12 13:33:00+09:00,1,1320,100.0
2025-11-13,4191.04,Tersedia,4163.86,Tersedia,4245.39,20,2025-11-13 20:59:00+09:00,1,4145.36,2,2025-11-14 02:38:00+09:00,1,1320,100.0
2025-11-14,4186.45,Tersedia,4090.14,Tersedia,4211.15,11,2025-11-14 11:30:00+09:00,1,4032.39,22,2025-11-14 22:33:00+09:00,1,1320,100.0
2025-11-17,4096.37,Tersedia,4011.14,Tersedia,4106.7,7,2025-11-17 07:23:00+09:00,1,4006.99,4,2025-11-18 04:00:00+09:00,1,1320,100.0
2025-11-18,4036.92,Tersedia,4081.31,Tersedia,4082.06,4,2025-11-19 04:00:00+09:00,1,3998.36,15,2025-11-18 15:38:00+09:00,1,1320,100.0
2025-11-19,4076.78,Tersedia,4073.65,Tersedia,4132.46,23,2025-11-19 23:16:00+09:00,1,4055.51,10,2025-11-19 10:03:00+09:00,1,1320,100.0
2025-11-20,4104.81,Tersedia,4084.72,Tersedia,4110.44,8,2025-11-20 08:01:00+09:00,1,4038.55,16,2025-11-20 16:23:00+09:00,1,1319,99.92424242424242
2025-11-21,4078.38,Tersedia,4087.64,Tersedia,4101.25,1,2025-11-22 01:00:00+09:00,1,4022.61,16,2025-11-21 16:03:00+09:00,1,1320,100.0
2025-11-24,4075.02,Tersedia,4118.43,Tersedia,4133.36,4,2025-11-25 04:37:00+09:00,1,4039.89,13,2025-11-24 13:22:00+09:00,1,1320,100.0
2025-11-25,4143.75,Tersedia,4134.34,Tersedia,4159.28,1,2025-11-26 01:34:00+09:00,1,4109.01,16,2025-11-25 16:54:00+09:00,1,1320,100.0
2025-11-26,4133.74,Tersedia,4163.27,Tersedia,4173.45,20,2025-11-26 20:03:00+09:00,1,4129.74,7,2025-11-26 07:32:00+09:00,1,1320,100.0
2025-11-27,4164.85,Tersedia,4156.82,Tersedia,4168.86,7,2025-11-27 07:11:00+09:00,1,4142.58,12,2025-11-27 12:08:00+09:00,1,1300,98.48484848484848
2025-11-28,4163.42,Tersedia,,Tidak tersedia,4226.62,2,2025-11-29 02:32:00+09:00,1,4153.9,16,2025-11-28 16:28:00+09:00,1,1219,92.34848484848484
2025-12-01,4221.65,Tersedia,4237.01,Tersedia,4264.63,21,2025-12-01 21:42:00+09:00,1,4206.13,7,2025-12-01 07:09:00+09:00,1,1320,100.0
2025-12-02,4227.66,Tersedia,4196.56,Tersedia,4236.03,7,2025-12-02 07:29:00+09:00,1,4163.43,23,2025-12-02 23:58:00+09:00,1,1320,100.0
2025-12-03,4212.79,Tersedia,4207.85,Tersedia,4241.35,22,2025-12-03 22:35:00+09:00,1,4194.61,18,2025-12-03 18:15:00+09:00,1,1320,100.0
2025-12-04,4207.17,Tersedia,4208.95,Tersedia,4219.38,0,2025-12-05 00:18:00+09:00,1,4175.07,13,2025-12-04 13:53:00+09:00,1,1320,100.0
2025-12-05,4206.17,Tersedia,4207.75,Tersedia,4259.1,23,2025-12-05 23:39:00+09:00,1,4194.84,9,2025-12-05 09:17:00+09:00,1,1320,100.0
2025-12-08,4201.64,Tersedia,4187.1,Tersedia,4218.82,14,2025-12-08 14:34:00+09:00,1,4176.64,23,2025-12-08 23:15:00+09:00,1,1320,100.0
2025-12-09,4194.63,Tersedia,4212.24,Tersedia,4221.43,0,2025-12-10 00:45:00+09:00,1,4170.27,14,2025-12-09 14:12:00+09:00,1,1320,100.0
2025-12-10,4210.86,Tersedia,4216.58,Tersedia,4238.68,4,2025-12-11 04:17:00+09:00,1,4182.08,3,2025-12-11 03:41:00+09:00,1,1320,100.0
2025-12-11,4232.47,Tersedia,4273.59,Tersedia,4285.86,2,2025-12-12 02:10:00+09:00,1,4204.34,14,2025-12-11 14:03:00+09:00,1,1320,100.0
2025-12-12,4276.44,Tersedia,4296.54,Tersedia,4353.51,22,2025-12-12 22:57:00+09:00,1,4257.44,0,2025-12-13 00:40:00+09:00,1,1320,100.0
2025-12-15,,Tidak tersedia,4314.17,Tersedia,4350.24,17,2025-12-15 17:15:00+09:00,1,4285.24,0,2025-12-16 00:37:00+09:00,1,1261,95.53030303030303
2025-12-16,,Tidak tersedia,4310.65,Tersedia,4335.08,23,2025-12-16 23:08:00+09:00,1,4271.54,13,2025-12-16 13:30:00+09:00,1,1267,95.98484848484848
2025-12-17,,Tidak tersedia,4337.04,Tersedia,4349.03,23,2025-12-17 23:33:00+09:00,1,4303.09,7,2025-12-17 07:04:00+09:00,1,1264,95.75757575757575
2025-12-18,,Tidak tersedia,4324.97,Tersedia,4374.63,0,2025-12-19 00:21:00+09:00,1,4308.62,22,2025-12-18 22:46:00+09:00,1,1260,95.45454545454545
2025-12-19,,Tidak tersedia,4345.26,Tersedia,4356.51,2,2025-12-20 02:26:00+09:00,1,4309.3,9,2025-12-19 09:34:00+09:00,1,1265,95.83333333333334
2025-12-22,,Tidak tersedia,4433.57,Tersedia,4442.21,0,2025-12-23 00:31:00+09:00,1,4339.55,7,2025-12-22 07:04:00+09:00,1,1260,95.45454545454545
2025-12-23,,Tidak tersedia,4490.78,Tersedia,4499.94,4,2025-12-24 04:59:00+09:00,1,4430.63,23,2025-12-23 23:03:00+09:00,1,1258,95.3030303030303
2025-12-24,,Tidak tersedia,,Tidak tersedia,4525.94,9,2025-12-24 09:25:00+09:00,1,4448.33,23,2025-12-24 23:48:00+09:00,1,1123,85.07575757575758
2025-12-26,,Tidak tersedia,4523.82,Tersedia,4549.92,0,2025-12-27 00:08:00+09:00,1,4482.43,7,2025-12-26 07:03:00+09:00,1,1261,95.53030303030303
2025-12-29,,Tidak tersedia,4336.88,Tersedia,4530.37,7,2025-12-29 07:49:00+09:00,1,4302.53,23,2025-12-29 23:22:00+09:00,1,1257,95.22727272727273
2025-12-30,,Tidak tersedia,4348.61,Tersedia,4404.25,21,2025-12-30 21:04:00+09:00,1,4324.54,9,2025-12-30 09:06:00+09:00,1,1258,95.3030303030303
2025-12-31,4339.04,Tersedia,4311.46,Tersedia,4373.29,9,2025-12-31 09:51:00+09:00,1,4274.49,14,2025-12-31 14:01:00+09:00,1,1320,100.0
2026-01-02,4348.4,Tersedia,4318.18,Tersedia,4402.31,21,2026-01-02 21:16:00+09:00,1,4309.97,2,2026-01-03 02:44:00+09:00,1,1320,100.0
2026-01-05,4372.57,Tersedia,4439.73,Tersedia,4455.65,23,2026-01-05 23:08:00+09:00,1,4343.87,7,2026-01-05 07:02:00+09:00,1,1320,100.0
2026-01-06,4440.52,Tersedia,4481.32,Tersedia,4496.89,4,2026-01-07 04:58:00+09:00,1,4427.96,9,2026-01-06 09:03:00+09:00,1,1320,100.0
2026-01-07,4493.36,Tersedia,4456.98,Tersedia,4500.42,7,2026-01-07 07:27:00+09:00,1,4423.48,23,2026-01-07 23:17:00+09:00,1,1320,100.0
2026-01-08,4463.38,Tersedia,4452.08,Tersedia,4478.13,4,2026-01-09 04:36:00+09:00,1,4407.73,20,2026-01-08 20:16:00+09:00,1,1320,100.0
2026-01-09,4475.56,Tersedia,4499.28,Tersedia,4517.2,23,2026-01-09 23:42:00+09:00,1,4452.87,9,2026-01-09 09:08:00+09:00,1,1320,100.0
2026-01-12,4540.07,Tersedia,4611.24,Tersedia,4630.13,0,2026-01-13 00:18:00+09:00,1,4512.82,7,2026-01-12 07:01:00+09:00,1,1320,100.0
2026-01-13,4599.46,Tersedia,4597.52,Tersedia,4634.6,22,2026-01-13 22:50:00+09:00,1,4569.58,4,2026-01-14 04:35:00+09:00,1,1320,100.0
2026-01-14,4597.12,Tersedia,4639.23,Tersedia,4642.91,3,2026-01-15 03:02:00+09:00,1,4586.1,7,2026-01-14 07:00:00+09:00,1,1320,100.0
2026-01-15,4615.23,Tersedia,4615.82,Tersedia,4632.53,7,2026-01-15 07:01:00+09:00,1,4581.14,11,2026-01-15 11:30:00+09:00,1,1303,98.7121212121212
2026-01-16,4610.31,Tersedia,4590.55,Tersedia,4621.04,7,2026-01-16 07:05:00+09:00,1,4536.85,23,2026-01-16 23:34:00+09:00,1,1320,100.0
2026-01-19,4672.52,Tersedia,,Tidak tersedia,4690.69,7,2026-01-19 07:32:00+09:00,1,4621.06,7,2026-01-19 07:00:00+09:00,1,1230,93.18181818181817
2026-01-20,4665.37,Tersedia,4760.7,Tersedia,4766.23,2,2026-01-21 02:21:00+09:00,1,4659.5,8,2026-01-20 08:29:00+09:00,1,1320,100.0
2026-01-21,4775.86,Tersedia,4781.27,Tersedia,4888.43,14,2026-01-21 14:27:00+09:00,1,4755.93,3,2026-01-22 03:51:00+09:00,1,1320,100.0
2026-01-22,4778.22,Tersedia,4911.68,Tersedia,4928.5,4,2026-01-23 04:17:00+09:00,1,4772.34,9,2026-01-22 09:04:00+09:00,1,1320,100.0
2026-01-23,4958.94,Tersedia,4984.2,Tersedia,4989.78,3,2026-01-24 03:54:00+09:00,1,4899.74,17,2026-01-23 17:29:00+09:00,1,1320,100.0
2026-01-26,5039.71,Tersedia,5028.7,Tersedia,5111.03,14,2026-01-26 14:51:00+09:00,1,5003.55,7,2026-01-26 07:06:00+09:00,1,1320,100.0
2026-01-27,5043.55,Tersedia,5098.94,Tersedia,5182.52,4,2026-01-28 04:59:00+09:00,1,5010.27,7,2026-01-27 07:00:00+09:00,1,1320,100.0
2026-01-28,5172.32,Tersedia,5325.41,Tersedia,5391.34,4,2026-01-29 04:43:00+09:00,1,5157.31,8,2026-01-28 08:05:00+09:00,1,1320,100.0
2026-01-29,5513.03,Tersedia,5305.7,Tersedia,5598.03,7,2026-01-29 07:39:00+09:00,1,5098.23,23,2026-01-29 23:28:00+09:00,1,1320,100.0
2026-01-30,5438.4,Tersedia,4932.81,Tersedia,5450.96,8,2026-01-30 08:11:00+09:00,1,4682.18,2,2026-01-31 02:39:00+09:00,1,1317,99.77272727272727
2026-02-02,4742.06,Tersedia,4685.62,Tersedia,4884.64,8,2026-02-02 08:22:00+09:00,1,4402.14,14,2026-02-02 14:38:00+09:00,1,1320,100.0
2026-02-03,4774.21,Tersedia,4927.2,Tersedia,4993.77,0,2026-02-04 00:39:00+09:00,1,4658.6,7,2026-02-03 07:00:00+09:00,1,1320,100.0
2026-02-04,4947.38,Tersedia,4941.78,Tersedia,5091.94,16,2026-02-04 16:01:00+09:00,1,4854.54,0,2026-02-05 00:48:00+09:00,1,1320,100.0
2026-02-05,5012.37,Tersedia,4829.44,Tersedia,5023.8,7,2026-02-05 07:45:00+09:00,1,4788.86,11,2026-02-05 11:00:00+09:00,1,1320,100.0
2026-02-06,4703.7,Tersedia,4957.2,Tersedia,4971.48,2,2026-02-07 02:12:00+09:00,1,4655.27,8,2026-02-06 08:17:00+09:00,1,1320,100.0
2026-02-09,5036.1,Tersedia,5074.5,Tersedia,5086.61,4,2026-02-10 04:33:00+09:00,1,4965.15,7,2026-02-09 07:08:00+09:00,1,1320,100.0
2026-02-10,5031.9,Tersedia,5027.98,Tersedia,5078.72,22,2026-02-10 22:33:00+09:00,1,4987.68,7,2026-02-10 07:12:00+09:00,1,1320,100.0
2026-02-11,5041.81,Tersedia,5082.12,Tersedia,5119.13,20,2026-02-11 20:00:00+09:00,1,5018.88,21,2026-02-11 21:31:00+09:00,1,1320,100.0
2026-02-12,5061.38,Tersedia,4945.61,Tersedia,5100.09,7,2026-02-12 07:01:00+09:00,2,4878.71,0,2026-02-13 00:29:00+09:00,1,1320,100.0
2026-02-13,4920.2,Tersedia,5023.61,Tersedia,5046.13,3,2026-02-14 03:10:00+09:00,1,4886.65,7,2026-02-13 07:04:00+09:00,1,1320,100.0
2026-02-16,5020.3,Tersedia,,Tidak tersedia,5043.86,7,2026-02-16 07:00:00+09:00,1,4965.56,13,2026-02-16 13:03:00+09:00,1,1230,93.18181818181817
2026-02-17,4989.77,Tersedia,4880.38,Tersedia,5001.03,7,2026-02-17 07:24:00+09:00,1,4841.48,22,2026-02-17 22:01:00+09:00,1,1320,100.0
2026-02-18,4859.19,Tersedia,4980.6,Tersedia,5011.1,0,2026-02-19 00:48:00+09:00,1,4853.99,7,2026-02-18 07:53:00+09:00,1,1320,100.0
2026-02-19,4976.06,Tersedia,4987.93,Tersedia,5022.24,23,2026-02-19 23:35:00+09:00,1,4956.26,7,2026-02-19 07:01:00+09:00,1,1320,100.0
2026-02-20,4987.72,Tersedia,5079.52,Tersedia,5098.16,4,2026-02-21 04:59:00+09:00,1,4981.58,11,2026-02-20 11:42:00+09:00,1,1320,100.0
2026-02-23,5165.39,Tersedia,5215.66,Tersedia,5237.96,4,2026-02-24 04:59:00+09:00,1,5102.67,7,2026-02-23 07:00:00+09:00,1,1320,100.0
2026-02-24,5235.72,Tersedia,5153.98,Tersedia,5249.76,7,2026-02-24 07:15:00+09:00,1,5094.14,22,2026-02-24 22:13:00+09:00,1,1319,99.92424242424242
2026-02-25,5146.61,Tersedia,5205.01,Tersedia,5217.8,1,2026-02-26 01:12:00+09:00,1,5120.04,7,2026-02-25 07:01:00+09:00,1,1320,100.0
2026-02-26,5163.23,Tersedia,,Tidak tersedia,5205.65,13,2026-02-26 13:25:00+09:00,1,5130.65,23,2026-02-26 23:27:00+09:00,1,1248,94.54545454545455
2026-02-27,,Tidak tersedia,5250.05,Tersedia,5265.5,4,2026-02-28 04:56:00+09:00,1,5168.7,18,2026-02-27 18:13:00+09:00,1,1183,89.62121212121212
2026-03-02,5387.07,Tersedia,5330.45,Tersedia,5419.26,15,2026-03-02 15:20:00+09:00,1,5260.77,0,2026-03-03 00:02:00+09:00,1,1320,100.0
2026-03-03,5346.02,Tersedia,5113.34,Tersedia,5379.88,9,2026-03-03 09:25:00+09:00,1,4995.97,23,2026-03-03 23:17:00+09:00,1,1320,100.0
2026-03-04,5125.39,Tersedia,5137.85,Tersedia,5206.14,20,2026-03-04 20:04:00+09:00,1,5084.39,7,2026-03-04 07:02:00+09:00,1,1320,100.0
2026-03-05,5165.18,Tersedia,5066.11,Tersedia,5195.01,11,2026-03-05 11:05:00+09:00,1,5050.88,2,2026-03-06 02:03:00+09:00,1,1320,100.0
2026-03-06,5086.25,Tersedia,5159.8,Tersedia,5174.64,3,2026-03-07 03:17:00+09:00,1,5062.82,19,2026-03-06 19:56:00+09:00,1,1320,100.0
2026-03-09,5076.1,Tersedia,5141.02,Tersedia,5148.16,4,2026-03-10 04:08:00+09:00,1,5014.71,9,2026-03-09 09:01:00+09:00,1,1320,100.0
2026-03-10,5139.7,Tersedia,5198.86,Tersedia,5238.55,23,2026-03-10 23:45:00+09:00,1,5124.65,9,2026-03-10 09:00:00+09:00,1,1320,100.0
2026-03-11,5197.31,Tersedia,5183.18,Tersedia,5223.29,9,2026-03-11 09:03:00+09:00,1,5149.28,21,2026-03-11 21:52:00+09:00,1,1320,100.0
2026-03-12,5134.24,Tersedia,5084.66,Tersedia,5191.7,18,2026-03-12 18:06:00+09:00,1,5055.0,4,2026-03-13 04:30:00+09:00,1,1320,100.0
2026-03-13,5098.04,Tersedia,5016.61,Tersedia,5128.53,10,2026-03-13 10:00:00+09:00,1,5009.66,3,2026-03-14 03:52:00+09:00,1,1320,100.0
2026-03-16,4997.61,Tersedia,5012.92,Tersedia,5038.06,22,2026-03-16 22:08:00+09:00,1,4967.62,7,2026-03-16 07:23:00+09:00,1,1320,100.0
2026-03-17,5012.87,Tersedia,5000.2,Tersedia,5044.53,13,2026-03-17 13:17:00+09:00,1,4973.51,23,2026-03-17 23:41:00+09:00,1,1320,100.0
2026-03-18,5002.92,Tersedia,4843.06,Tersedia,5016.3,14,2026-03-18 14:36:00+09:00,1,4806.64,4,2026-03-19 04:31:00+09:00,1,1320,100.0
2026-03-19,4836.87,Tersedia,4643.74,Tersedia,4866.95,9,2026-03-19 09:41:00+09:00,1,4502.57,21,2026-03-19 21:02:00+09:00,1,1320,100.0
2026-03-20,4643.63,Tersedia,4501.57,Tersedia,4735.84,11,2026-03-20 11:27:00+09:00,1,4477.27,2,2026-03-21 02:57:00+09:00,1,1320,100.0
2026-03-23,4464.56,Tersedia,4397.79,Tersedia,4512.81,22,2026-03-23 22:26:00+09:00,1,4098.53,15,2026-03-23 15:22:00+09:00,1,1320,100.0
2026-03-24,4441.0,Tersedia,4400.38,Tersedia,4484.04,4,2026-03-25 04:26:00+09:00,1,4305.89,10,2026-03-24 10:12:00+09:00,1,1320,100.0
2026-03-25,4546.65,Tersedia,4530.88,Tersedia,4602.46,10,2026-03-25 10:46:00+09:00,1,4472.38,7,2026-03-25 07:04:00+09:00,1,1320,100.0
2026-03-26,4498.35,Tersedia,4364.0,Tersedia,4544.42,9,2026-03-26 09:03:00+09:00,1,4350.93,4,2026-03-27 04:06:00+09:00,1,1320,100.0
2026-03-27,4405.2,Tersedia,4514.37,Tersedia,4555.26,23,2026-03-27 23:23:00+09:00,1,4375.38,8,2026-03-27 08:59:00+09:00,1,1320,100.0
2026-03-30,4485.05,Tersedia,4498.97,Tersedia,4580.6,20,2026-03-30 20:51:00+09:00,1,4419.53,9,2026-03-30 09:13:00+09:00,1,1320,100.0
2026-03-31,4510.87,Tersedia,4667.47,Tersedia,4685.67,4,2026-04-01 04:54:00+09:00,1,4482.59,9,2026-03-31 09:23:00+09:00,1,1320,100.0
2026-04-01,4680.84,Tersedia,4753.08,Tersedia,4793.08,2,2026-04-02 02:06:00+09:00,1,4661.63,7,2026-04-01 07:48:00+09:00,1,1320,100.0
2026-04-02,4776.43,Tersedia,4668.51,Tersedia,4800.45,8,2026-04-02 08:30:00+09:00,1,4553.84,15,2026-04-02 15:11:00+09:00,1,1320,100.0
2026-04-06,4645.67,Tersedia,4658.24,Tersedia,4706.61,18,2026-04-06 18:43:00+09:00,1,4600.76,9,2026-04-06 09:27:00+09:00,1,1320,100.0
2026-04-07,4658.36,Tersedia,4662.2,Tersedia,4718.64,4,2026-04-08 04:49:00+09:00,1,4607.28,23,2026-04-07 23:06:00+09:00,1,1320,100.0
2026-04-08,4818.17,Tersedia,4705.18,Tersedia,4857.71,9,2026-04-08 09:06:00+09:00,1,4699.67,4,2026-04-09 04:05:00+09:00,1,1320,100.0
2026-04-09,4717.68,Tersedia,4772.16,Tersedia,4801.22,2,2026-04-10 02:40:00+09:00,1,4698.62,9,2026-04-09 09:07:00+09:00,1,1320,100.0
2026-04-10,4764.18,Tersedia,4765.24,Tersedia,4795.03,23,2026-04-10 23:31:00+09:00,1,4730.68,17,2026-04-10 17:53:00+09:00,1,1320,100.0
2026-04-13,4659.08,Tersedia,4738.38,Tersedia,4750.12,2,2026-04-14 02:28:00+09:00,1,4585.32,7,2026-04-13 07:00:00+09:00,1,1320,100.0
2026-04-14,4757.99,Tersedia,4835.65,Tersedia,4846.31,4,2026-04-15 04:59:00+09:00,1,4740.46,7,2026-04-14 07:00:00+09:00,1,1320,100.0
2026-04-15,4835.12,Tersedia,4799.79,Tersedia,4871.42,10,2026-04-15 10:18:00+09:00,1,4786.33,18,2026-04-15 18:47:00+09:00,1,1320,100.0
2026-04-16,4807.56,Tersedia,4789.57,Tersedia,4838.38,14,2026-04-16 14:06:00+09:00,1,4773.15,23,2026-04-16 23:40:00+09:00,1,1320,100.0
2026-04-17,4795.28,Tersedia,4858.24,Tersedia,4889.64,22,2026-04-17 22:13:00+09:00,1,4767.59,10,2026-04-17 10:30:00+09:00,1,1320,100.0
2026-04-20,4779.37,Tersedia,4814.08,Tersedia,4827.61,23,2026-04-20 23:30:00+09:00,1,4736.93,8,2026-04-20 08:46:00+09:00,1,1320,100.0
2026-04-21,4827.62,Tersedia,4709.25,Tersedia,4833.24,7,2026-04-21 07:21:00+09:00,1,4668.29,4,2026-04-22 04:44:00+09:00,1,1320,100.0
2026-04-22,4719.57,Tersedia,4741.74,Tersedia,4772.35,16,2026-04-22 16:08:00+09:00,1,4715.58,7,2026-04-22 07:50:00+09:00,1,1320,100.0
2026-04-23,4726.0,Tersedia,4701.1,Tersedia,4753.62,9,2026-04-23 09:52:00+09:00,1,4664.33,2,2026-04-24 02:46:00+09:00,1,1320,100.0
2026-04-24,4693.13,Tersedia,4722.7,Tersedia,4740.29,23,2026-04-24 23:13:00+09:00,1,4657.74,13,2026-04-24 13:31:00+09:00,1,1320,100.0
2026-04-27,4684.69,Tersedia,4680.69,Tersedia,4730.11,13,2026-04-27 13:34:00+09:00,1,4667.22,1,2026-04-28 01:00:00+09:00,1,1320,100.0
2026-04-28,4687.93,Tersedia,4594.26,Tersedia,4701.24,9,2026-04-28 09:09:00+09:00,1,4554.83,21,2026-04-28 21:01:00+09:00,1,1320,100.0
2026-04-29,4594.08,Tersedia,4538.2,Tersedia,4610.25,9,2026-04-29 09:12:00+09:00,1,4510.02,22,2026-04-29 22:45:00+09:00,1,1320,100.0
2026-04-30,4552.12,Tersedia,4622.44,Tersedia,4646.89,19,2026-04-30 19:30:00+09:00,1,4539.04,7,2026-04-30 07:04:00+09:00,1,1320,100.0
2026-05-01,4630.3,Tersedia,4624.33,Tersedia,4660.16,23,2026-05-01 23:15:00+09:00,1,4560.1,18,2026-05-01 18:58:00+09:00,1,1320,100.0
2026-05-04,4618.8,Tersedia,4516.33,Tersedia,4629.4,7,2026-05-04 07:43:00+09:00,1,4500.98,1,2026-05-05 01:10:00+09:00,1,1320,100.0
2026-05-05,4517.53,Tersedia,4561.06,Tersedia,4586.78,23,2026-05-05 23:29:00+09:00,1,4513.6,9,2026-05-05 09:27:00+09:00,1,1320,100.0
2026-05-06,4573.37,Tersedia,4686.06,Tersedia,4722.87,19,2026-05-06 19:54:00+09:00,1,4546.14,7,2026-05-06 07:33:00+09:00,1,1320,100.0
2026-05-07,4694.88,Tersedia,4709.76,Tersedia,4764.81,0,2026-05-08 00:00:00+09:00,1,4677.09,7,2026-05-07 07:02:00+09:00,1,1320,100.0
2026-05-08,4685.87,Tersedia,4721.91,Tersedia,4749.51,23,2026-05-08 23:00:00+09:00,1,4678.29,7,2026-05-08 07:00:00+09:00,1,1320,100.0
2026-05-11,4691.83,Tersedia,4724.96,Tersedia,4748.62,22,2026-05-11 22:46:00+09:00,1,4648.14,14,2026-05-11 14:56:00+09:00,1,1320,100.0
2026-05-12,4750.87,Tersedia,4696.05,Tersedia,4773.42,9,2026-05-12 09:18:00+09:00,1,4638.32,0,2026-05-13 00:25:00+09:00,1,1320,100.0
2026-05-13,4716.96,Tersedia,4684.95,Tersedia,4727.01,9,2026-05-13 09:05:00+09:00,1,4669.45,22,2026-05-13 22:49:00+09:00,1,1320,100.0
2026-05-14,4700.06,Tersedia,4671.71,Tersedia,4718.76,16,2026-05-14 16:36:00+09:00,1,4653.03,4,2026-05-15 04:48:00+09:00,1,1320,100.0
2026-05-15,4662.39,Tersedia,4559.31,Tersedia,4665.28,8,2026-05-15 08:30:00+09:00,1,4511.76,22,2026-05-15 22:45:00+09:00,1,1320,100.0
2026-05-18,4546.19,Tersedia,4535.93,Tersedia,4584.27,22,2026-05-18 22:55:00+09:00,1,4480.3,9,2026-05-18 09:45:00+09:00,1,1320,100.0
2026-05-19,4573.87,Tersedia,4493.67,Tersedia,4589.24,9,2026-05-19 09:02:00+09:00,1,4464.68,22,2026-05-19 22:31:00+09:00,1,1320,100.0
2026-05-20,4484.28,Tersedia,4542.35,Tersedia,4553.07,0,2026-05-21 00:17:00+09:00,1,4453.52,12,2026-05-20 12:08:00+09:00,1,1320,100.0
2026-05-21,4539.81,Tersedia,4531.98,Tersedia,4570.94,10,2026-05-21 10:41:00+09:00,1,4488.69,22,2026-05-21 22:39:00+09:00,1,1320,100.0
2026-05-22,4543.38,Tersedia,4515.15,Tersedia,4545.69,7,2026-05-22 07:02:00+09:00,1,4491.82,23,2026-05-22 23:24:00+09:00,1,1320,100.0
2026-05-25,4564.97,Tersedia,,Tidak tersedia,4580.03,8,2026-05-25 08:42:00+09:00,1,4507.36,7,2026-05-25 07:00:00+09:00,1,1231,93.25757575757576
2026-05-26,4574.86,Tersedia,4499.32,Tersedia,4580.5,8,2026-05-26 08:18:00+09:00,1,4482.41,3,2026-05-27 03:05:00+09:00,1,1320,100.0
2026-05-27,4510.94,Tersedia,4454.36,Tersedia,4538.08,7,2026-05-27 07:00:00+09:00,1,4401.52,22,2026-05-27 22:28:00+09:00,1,1320,100.0
2026-05-28,4457.32,Tersedia,4501.07,Tersedia,4516.54,3,2026-05-29 03:03:00+09:00,1,4366.52,13,2026-05-28 13:20:00+09:00,1,1320,100.0
2026-05-29,4491.07,Tersedia,4553.24,Tersedia,4595.18,0,2026-05-30 00:13:00+09:00,1,4488.5,7,2026-05-29 07:00:00+09:00,1,1320,100.0
2026-06-01,4535.27,Tersedia,4486.73,Tersedia,4546.06,9,2026-06-01 09:04:00+09:00,1,4447.68,23,2026-06-01 23:00:00+09:00,1,1320,100.0
2026-06-02,4485.62,Tersedia,4487.39,Tersedia,4541.46,16,2026-06-02 16:14:00+09:00,1,4462.94,10,2026-06-02 10:52:00+09:00,1,1320,100.0
2026-06-03,4484.76,Tersedia,4442.06,Tersedia,4496.76,9,2026-06-03 09:43:00+09:00,1,4426.29,22,2026-06-03 22:45:00+09:00,1,1320,100.0
2026-06-04,4449.01,Tersedia,4478.14,Tersedia,4515.39,22,2026-06-04 22:45:00+09:00,1,4424.02,7,2026-06-04 07:16:00+09:00,1,1318,99.84848484848486
2026-06-05,4469.79,Tersedia,4322.42,Tersedia,4481.51,7,2026-06-05 07:31:00+09:00,1,4313.84,4,2026-06-06 04:18:00+09:00,1,1320,100.0
2026-06-08,4317.25,Tersedia,4334.65,Tersedia,4353.38,9,2026-06-08 09:28:00+09:00,1,4268.51,14,2026-06-08 14:37:00+09:00,1,1320,100.0
2026-06-09,4327.9,Tersedia,4269.97,Tersedia,4363.5,22,2026-06-09 22:49:00+09:00,1,4236.55,1,2026-06-10 01:40:00+09:00,1,1320,100.0
2026-06-10,4237.24,Tersedia,4101.57,Tersedia,4257.36,7,2026-06-10 07:32:00+09:00,1,4081.61,4,2026-06-11 04:27:00+09:00,1,1320,100.0
2026-06-11,4046.31,Tersedia,4161.87,Tersedia,4219.93,4,2026-06-12 04:36:00+09:00,1,4023.74,8,2026-06-11 08:14:00+09:00,1,1320,100.0
2026-06-12,4243.24,Tersedia,4215.63,Tersedia,4246.34,7,2026-06-12 07:57:00+09:00,1,4170.16,16,2026-06-12 16:33:00+09:00,1,1320,100.0
2026-06-15,4285.67,Tersedia,4325.72,Tersedia,4369.4,23,2026-06-15 23:07:00+09:00,1,4231.18,7,2026-06-15 07:00:00+09:00,1,1320,100.0
2026-06-16,4311.94,Tersedia,4338.51,Tersedia,4354.95,21,2026-06-16 21:59:00+09:00,1,4302.82,7,2026-06-16 07:00:00+09:00,1,1320,100.0
2026-06-17,4335.46,Tersedia,4286.19,Tersedia,4382.48,2,2026-06-18 02:33:00+09:00,1,4219.14,4,2026-06-18 04:40:00+09:00,1,1320,100.0
2026-06-18,4266.74,Tersedia,4218.48,Tersedia,4329.91,11,2026-06-18 11:13:00+09:00,1,4201.27,4,2026-06-19 04:32:00+09:00,1,1320,100.0
2026-06-19,4207.49,Tersedia,,Tidak tersedia,4212.7,7,2026-06-19 07:01:00+09:00,1,4121.68,14,2026-06-19 14:07:00+09:00,1,1142,86.51515151515152
2026-06-22,4156.38,Tersedia,4191.43,Tersedia,4220.91,10,2026-06-22 10:00:00+09:00,1,4133.63,7,2026-06-22 07:00:00+09:00,1,1320,100.0
2026-06-23,4189.96,Tersedia,4117.73,Tersedia,4198.57,10,2026-06-23 10:00:00+09:00,1,4090.83,17,2026-06-23 17:07:00+09:00,1,1320,100.0
2026-06-24,4104.3,Tersedia,3981.4,Tersedia,4115.07,7,2026-06-24 07:15:00+09:00,1,3958.96,3,2026-06-25 03:04:00+09:00,1,1320,100.0
2026-06-25,3996.42,Tersedia,4034.72,Tersedia,4044.22,3,2026-06-26 03:29:00+09:00,1,3963.03,11,2026-06-25 11:13:00+09:00,1,1320,100.0
2026-06-26,4026.35,Tersedia,4067.35,Tersedia,4096.03,0,2026-06-27 00:49:00+09:00,1,3982.99,11,2026-06-26 11:55:00+09:00,1,1320,100.0
2026-06-29,4066.22,Tersedia,4013.37,Tersedia,4085.55,7,2026-06-29 07:03:00+09:00,1,4000.3,23,2026-06-29 23:15:00+09:00,1,1320,100.0
2026-06-30,4014.13,Tersedia,4028.55,Tersedia,4063.48,23,2026-06-30 23:24:00+09:00,1,3942.48,10,2026-06-30 10:07:00+09:00,1,1320,100.0
