Date,gold,dollar,treasury_10y,oil,vix,silver
2025-01-02,2658.89990234375,109.38999938964844,4.574999809265137,73.12999725341797,17.93000030517578,29.621999740600582
2025-01-03,2645.0,108.9499969482422,4.5960001945495605,73.95999908447266,16.1299991607666,29.80599975585937
2025-01-06,2638.39990234375,108.26000213623048,4.618000030517578,73.55999755859375,16.040000915527344,30.34199905395508
2025-01-07,2665.39990234375,108.54000091552734,4.683000087738037,74.25,17.81999969482422,30.44700050354004
2025-01-08,2672.39990234375,109.08999633789062,4.692999839782715,73.31999969482422,17.700000762939453,30.45199966430664
2025-01-09,2690.800048828125,109.18000030517578,4.692999839782715,73.91999816894531,17.700000762939453,30.791000366210938
2025-01-10,2715.0,109.6500015258789,4.776000022888184,76.56999969482422,19.540000915527344,31.090999603271484
2025-01-13,2678.60009765625,109.95999908447266,4.802999973297119,78.81999969482422,19.190000534057617,30.090999603271484
2025-01-14,2682.300048828125,109.2699966430664,4.788000106811523,77.5,18.709999084472656,30.131999969482425
2025-01-15,2712.5,109.08999633789062,4.652999877929688,80.04000091552734,16.1200008392334,31.319000244140625
2025-01-16,2746.39990234375,108.95999908447266,4.605999946594238,78.68000030517578,16.600000381469727,31.52300071716309
2025-01-17,2744.300048828125,109.3499984741211,4.609000205993652,77.87999725341797,15.970000267028809,30.951000213623047
2025-01-21,2755.0,108.05999755859376,4.573999881744385,75.88999938964844,15.0600004196167,31.31100082397461
2025-01-22,2770.89990234375,108.16999816894533,4.598999977111816,75.44000244140625,15.100000381469728,31.23900032043457
2025-01-23,2765.0,108.05000305175781,4.638000011444092,74.62000274658203,15.020000457763672,30.67300033569336
2025-01-24,2778.89990234375,107.44000244140625,4.625999927520752,74.66000366210938,14.850000381469727,31.023000717163086
2025-01-27,2738.39990234375,107.33999633789062,4.5279998779296875,73.16999816894531,17.899999618530273,30.253999710083008
2025-01-28,2767.5,107.87000274658203,4.551000118255615,73.7699966430664,16.40999984741211,30.726999282836914
2025-01-29,2769.800048828125,108.0,4.554999828338623,72.62000274658203,16.559999465942383,31.238000869750977
2025-01-30,2823.0,107.80000305175781,4.51200008392334,72.7300033569336,15.84000015258789,32.36399841308594
2025-01-31,2812.5,108.37000274658203,4.568999767303467,72.52999877929688,16.43000030517578,32.12799835205078
2025-02-03,2857.10009765625,108.98999786376953,4.543000221252441,73.16000366210938,18.6200008392334,32.391998291015625
2025-02-04,2875.800048828125,107.95999908447266,4.513000011444092,72.69999694824219,17.209999084472656,32.88800048828125
2025-02-05,2893.0,107.58000183105469,4.421999931335449,71.02999877929688,15.770000457763672,32.856998443603516
2025-02-06,2876.699951171875,107.69000244140625,4.440000057220459,70.61000061035156,15.5,32.518001556396484
2025-02-07,2887.60009765625,108.04000091552734,4.486999988555908,71.0,16.540000915527344,32.334999084472656
2025-02-10,2934.39990234375,108.31999969482422,4.493000030517578,72.31999969482422,15.8100004196167,32.391998291015625
2025-02-11,2932.60009765625,107.95999908447266,4.5370001792907715,73.31999969482422,16.020000457763672,32.23099899291992
2025-02-12,2928.699951171875,107.94000244140625,4.63700008392334,71.37000274658203,15.890000343322754,32.69499969482422
2025-02-13,2945.39990234375,107.30999755859375,4.525000095367432,71.29000091552734,15.100000381469727,32.650001525878906
2025-02-14,2900.699951171875,106.56999969482422,4.4720001220703125,70.73999786376953,14.770000457763672,32.80099868774414
2025-02-18,2949.0,107.05000305175781,4.544000148773193,71.8499984741211,15.350000381469727,33.31700134277344
2025-02-19,2936.10009765625,107.16999816894533,4.534999847412109,72.25,15.270000457763672,32.99300003051758
2025-02-20,2956.10009765625,106.33999633789062,4.5,72.56999969482422,15.65999984741211,33.444000244140625
2025-02-21,2953.199951171875,106.61000061035156,4.420000076293945,70.4000015258789,18.209999084472656,32.97600173950195
2025-02-24,2947.89990234375,106.5999984741211,4.39300012588501,70.69999694824219,18.979999542236328,32.57500076293945
2025-02-25,2918.800048828125,106.30999755859376,4.297999858856201,68.93000030517578,19.43000030517578,31.801000595092773
2025-02-26,2930.60009765625,106.41999816894531,4.249000072479248,68.62000274658203,19.100000381469727,32.25299835205078
2025-02-27,2895.89990234375,107.23999786376952,4.284999847412109,70.3499984741211,21.1299991607666,31.801000595092773
2025-02-28,2848.5,107.61000061035156,4.230999946594238,69.76000213623047,19.6299991607666,31.2189998626709
2025-03-03,2901.10009765625,106.75,4.179999828338623,68.37000274658203,22.780000686645508,32.03200149536133
2025-03-04,2909.60009765625,105.73999786376952,4.210000038146973,68.26000213623047,23.51000022888184,32.108001708984375
2025-03-05,2915.300048828125,105.73999786376952,4.264999866485596,66.30999755859375,21.93000030517578,32.858001708984375
2025-03-06,2926.60009765625,104.05999755859376,4.285999774932861,66.36000061035156,24.8700008392334,33.0629997253418
2025-03-07,2914.10009765625,103.83999633789062,4.316999912261963,67.04000091552734,23.3700008392334,32.54800033569336
2025-03-10,2899.39990234375,103.91000366210938,4.2129998207092285,66.02999877929688,27.86000061035156,32.275001525878906
2025-03-11,2920.89990234375,103.44000244140624,4.288000106811523,66.25,26.920000076293945,32.88800048828125
2025-03-12,2939.10009765625,103.61000061035156,4.317999839782715,67.68000030517578,24.229999542236328,33.48400115966797
2025-03-13,2991.300048828125,103.83000183105467,4.27400016784668,66.55000305175781,24.65999984741211,34.05099868774414
2025-03-14,3001.10009765625,103.72000122070312,4.308000087738037,67.18000030517578,21.770000457763672,34.1870002746582
2025-03-17,3006.10009765625,103.37000274658203,4.306000232696533,67.58000183105469,20.510000228881836,34.07400131225586
2025-03-18,3040.800048828125,103.23999786376952,4.281000137329102,66.9000015258789,21.700000762939453,34.57899856567383
2025-03-19,3041.199951171875,103.43000030517578,4.25600004196167,67.16000366210938,19.899999618530273,33.974998474121094
2025-03-20,3043.800048828125,103.8499984741211,4.232999801635742,68.26000213623047,19.799999237060547,33.7859992980957
2025-03-21,3021.39990234375,104.08999633789062,4.251999855041504,68.27999877929688,19.280000686645508,33.290000915527344
2025-03-24,3015.60009765625,104.26000213623048,4.330999851226807,69.11000061035156,17.479999542236328,33.26499938964844
2025-03-25,3025.89990234375,104.18000030517578,4.307000160217285,69.0,17.149999618530273,34.00199890136719
2025-03-26,3022.5,104.55000305175781,4.3379998207092285,69.6500015258789,18.329999923706055,34.03300094604492
2025-03-27,3061.0,104.06999969482422,4.36899995803833,69.91999816894531,18.690000534057617,34.89699935913086
2025-03-28,3086.5,104.04000091552734,4.255000114440918,69.36000061035156,21.64999961853028,34.64400100708008
2025-03-31,3122.800048828125,104.20999908447266,4.245999813079834,71.4800033569336,22.280000686645508,34.457000732421875
2025-04-01,3146.0,104.26000213623048,4.156000137329102,71.19999694824219,21.770000457763672,34.15800094604492
2025-04-02,3166.199951171875,103.80999755859376,4.196000099182129,71.70999908447266,21.51000022888184,34.499000549316406
2025-04-03,3121.699951171875,102.06999969482422,4.054999828338623,66.94999694824219,30.020000457763672,31.8439998626709
2025-04-04,3035.39990234375,103.0199966430664,3.984999895095825,61.9900016784668,45.310001373291016,29.11599922180176
2025-04-07,2973.60009765625,103.26000213623048,4.15500020980835,60.70000076293945,46.97999954223633,29.51000022888184
2025-04-08,2990.199951171875,102.95999908447266,4.26200008392334,59.58000183105469,52.33000183105469,29.59199905395508
2025-04-09,3079.39990234375,102.9000015258789,4.400000095367432,62.349998474121094,33.619998931884766,30.322999954223633
2025-04-10,3177.5,100.87000274658205,4.394000053405762,60.06999969482422,40.720001220703125,30.67099952697754
2025-04-11,3244.60009765625,99.77999877929688,4.493000030517578,61.5,37.560001373291016,31.823999404907227
2025-04-14,3226.300048828125,99.63999938964844,4.363999843597412,61.529998779296875,30.889999389648438,32.09199905395508
2025-04-15,3218.699951171875,100.22000122070312,4.322999954223633,61.33000183105469,30.1200008392334,32.22700119018555
2025-04-16,3346.39990234375,99.37999725341797,4.2789998054504395,62.470001220703125,32.63999938964844,32.92599868774414
2025-04-17,3328.39990234375,99.37999725341795,4.333000183105469,64.68000030517578,29.64999961853028,32.41999816894531
2025-04-21,3425.300048828125,98.27999877929688,4.40500020980835,63.08000183105469,33.81999969482422,32.49599838256836
2025-04-22,3419.39990234375,98.91999816894533,4.388999938964844,64.30999755859375,30.56999969482422,32.880001068115234
2025-04-23,3294.10009765625,99.83999633789062,4.38700008392334,62.27000045776367,28.450000762939453,33.518001556396484
2025-04-24,3348.60009765625,99.29000091552734,4.304999828338623,62.790000915527344,26.46999931335449,33.48199844360352
2025-04-25,3298.39990234375,99.47000122070312,4.265999794006348,63.02000045776367,24.84000015258789,32.98899841308594
2025-04-28,3347.699951171875,99.01000213623048,4.216000080108643,62.04999923706055,25.14999961853028,32.9900016784668
2025-04-29,3333.60009765625,99.23999786376952,4.172999858856201,60.41999816894531,24.170000076293945,33.275001525878906
2025-04-30,3319.10009765625,99.47000122070312,4.177000045776367,58.209999084472656,24.700000762939453,32.53099822998047
2025-05-01,3222.199951171875,100.25,4.230999946594238,59.2400016784668,24.600000381469727,32.18899917602539
2025-05-02,3243.300048828125,100.0,4.322000026702881,58.290000915527344,22.68000030517578,31.98900032043457
2025-05-05,3322.300048828125,99.83000183105467,4.3429999351501465,57.130001068115234,23.63999938964844,32.20500183105469
2025-05-06,3422.800048828125,99.23999786376952,4.308000087738037,59.09000015258789,24.76000022888184,33.112998962402344
2025-05-07,3391.89990234375,99.61000061035156,4.275000095367432,58.06999969482422,23.549999237060547,32.53099822998047
2025-05-08,3306.0,100.63999938964844,4.373000144958496,59.90999984741211,22.479999542236328,32.37799835205078
2025-05-09,3344.0,100.33999633789062,4.375,61.02000045776367,21.89999961853028,32.67599868774414
2025-05-12,3228.0,101.79000091552734,4.456999778747559,61.95000076293945,18.38999938964844,32.38800048828125
2025-05-13,3247.800048828125,101.0,4.499000072479248,63.66999816894531,18.219999313354492,32.86800003051758
2025-05-14,3188.300048828125,101.04000091552734,4.5279998779296875,63.150001525878906,18.6200008392334,32.22600173950195
2025-05-15,3226.60009765625,100.87999725341795,4.454999923706055,61.619998931884766,17.829999923706055,32.48099899291992
2025-05-16,3187.199951171875,101.08999633789062,4.440999984741211,62.4900016784668,17.239999771118164,32.15800094604492
2025-05-19,3233.5,100.43000030517578,4.474999904632568,62.689998626708984,18.139999389648438,32.3129997253418
2025-05-20,3284.60009765625,100.12000274658203,4.480999946594238,62.560001373291016,18.09000015258789,32.97999954223633
2025-05-21,3313.5,99.55999755859376,4.5960001945495605,61.56999969482422,20.8700008392334,33.4630012512207
2025-05-22,3295.0,99.95999908447266,4.552999973297119,61.20000076293945,20.280000686645508,33.047000885009766
2025-05-23,3365.800048828125,99.11000061035156,4.508999824523926,61.529998779296875,22.290000915527344,33.44200134277344
2025-05-26,3365.800048828125,98.93000030517578,4.508999824523926,61.529998779296875,22.290000915527344,33.44200134277344
2025-05-27,3300.39990234375,99.5199966430664,4.434000015258789,60.88999938964844,18.959999084472656,33.145999908447266
2025-05-28,3294.89990234375,99.87999725341795,4.477000236511231,61.84000015258789,19.309999465942383,33.0
2025-05-29,3317.10009765625,99.27999877929688,4.423999786376953,60.939998626708984,19.18000030517578,33.28300094604492
2025-05-30,3288.89990234375,99.33000183105469,4.415999889373779,60.790000915527344,18.56999969482422,32.891998291015625
2025-06-02,3397.199951171875,98.6999969482422,4.461999893188477,62.52000045776367,18.36000061035156,34.5629997253418
2025-06-03,3377.10009765625,99.25,4.460000038146973,63.40999984741211,17.690000534057617,34.50299835205078
2025-06-04,3399.199951171875,98.79000091552734,4.364999771118164,62.84999847412109,17.610000610351562,34.51900100708008
2025-06-05,3375.10009765625,98.73999786376952,4.394000053405762,63.369998931884766,18.479999542236328,35.68899917602539
2025-06-06,3346.60009765625,99.19000244140625,4.510000228881836,64.58000183105469,16.770000457763672,36.025001525878906
2025-06-09,3354.89990234375,98.94000244140625,4.48199987411499,65.29000091552734,17.15999984741211,36.6879997253418
2025-06-10,3343.39990234375,99.0500030517578,4.473999977111816,64.9800033569336,16.950000762939453,36.54199981689453
2025-06-11,3343.699951171875,98.62999725341795,4.412000179290772,68.1500015258789,17.260000228881836,36.16600036621094
2025-06-12,3402.39990234375,97.91999816894531,4.35699987411499,68.04000091552734,18.020000457763672,36.2130012512207
2025-06-13,3452.800048828125,98.18000030517578,4.423999786376953,72.9800033569336,20.81999969482422,36.28099822998047
2025-06-16,3417.300048828125,98.0,4.452000141143799,71.7699966430664,19.11000061035156,36.37900161743164
2025-06-17,3406.89990234375,98.81999969482422,4.39300012588501,74.83999633789062,21.600000381469727,37.09000015258789
2025-06-18,3408.10009765625,98.91000366210938,4.396999835968018,75.13999938964844,20.13999938964844,36.86600112915039
2025-06-20,3385.699951171875,98.70999908447266,4.375,74.93000030517578,20.6200008392334,35.97600173950195
2025-06-23,3395.0,98.41999816894533,4.320000171661377,68.51000213623047,19.82999992370605,36.15299987792969
2025-06-24,3333.89990234375,97.86000061035156,4.293000221252441,64.37000274658203,17.479999542236328,35.70100021362305
2025-06-25,3343.10009765625,97.68000030517578,4.293000221252441,64.91999816894531,16.760000228881836,36.084999084472656
2025-06-26,3348.0,97.1500015258789,4.252999782562256,65.23999786376953,16.59000015258789,36.58599853515625
2025-06-27,3287.60009765625,97.4000015258789,4.2829999923706055,65.5199966430664,16.31999969482422,36.0369987487793
2025-06-30,3307.699951171875,96.87999725341797,4.230000019073486,65.11000061035156,16.729999542236328,35.85200119018555
2025-07-01,3349.800048828125,96.81999969482422,4.250999927520752,65.44999694824219,16.829999923706055,36.082000732421875
2025-07-02,3359.699951171875,96.77999877929688,4.293000221252441,67.44999694824219,16.639999389648438,36.42599868774414
2025-07-03,3342.89990234375,97.18000030517578,4.3480000495910645,67.0,16.3799991607666,36.784000396728516
2025-07-04,3346.5,97.18000030517578,4.3480000495910645,66.5,16.3799991607666,36.775001525878906
2025-07-07,3342.800048828125,97.4800033569336,4.394999980926514,67.93000030517578,17.790000915527344,36.6150016784668
2025-07-08,3316.89990234375,97.51000213623048,4.414999961853027,68.33000183105469,16.809999465942383,36.47200012207031
2025-07-09,3321.0,97.47000122070312,4.3420000076293945,68.37999725341797,15.9399995803833,36.35100173950195
2025-07-10,3325.699951171875,97.6500015258789,4.3460001945495605,66.56999969482422,15.779999732971191,37.03799819946289
2025-07-11,3364.0,97.8499984741211,4.422999858856201,68.44999694824219,16.399999618530273,38.67599868774414
2025-07-14,3359.10009765625,98.08000183105467,4.427000045776367,66.9800033569336,17.200000762939453,38.46200180053711
2025-07-15,3336.699951171875,98.62000274658203,4.488999843597412,66.5199966430664,17.3799991607666,37.83399963378906
2025-07-16,3359.10009765625,98.38999938964844,4.454999923706055,66.37999725341797,17.15999984741211,37.85300064086914
2025-07-17,3345.300048828125,98.7300033569336,4.4629998207092285,67.54000091552734,16.520000457763672,38.055999755859375
2025-07-18,3358.300048828125,98.4800033569336,4.432000160217285,67.33999633789062,16.40999984741211,38.22299957275391
2025-07-21,3406.39990234375,97.8499984741211,4.372000217437744,67.19999694824219,16.649999618530273,39.10100173950195
2025-07-22,3443.699951171875,97.38999938964844,4.335999965667725,66.20999908447266,16.5,39.31999969482422
2025-07-23,3397.60009765625,97.20999908447266,4.388000011444092,65.25,15.369999885559082,39.27799987792969
2025-07-24,3373.5,97.37999725341795,4.4079999923706055,66.02999877929688,15.390000343322754,39.02099990844727
2025-07-25,3335.60009765625,97.6500015258789,4.386000156402588,65.16000366210938,14.93000030517578,38.16699981689453
2025-07-28,3310.0,98.66000366210938,4.420000076293945,66.70999908447266,15.029999732971191,38.0260009765625
2025-07-29,3324.0,98.91000366210938,4.329999923706055,69.20999908447266,15.979999542236328,38.08399963378906
2025-07-30,3295.800048828125,99.94000244140625,4.375999927520752,70.0,15.479999542236328,37.566001892089844
2025-07-31,3293.199951171875,100.02999877929688,4.360000133514404,69.26000213623047,16.719999313354492,36.551998138427734
2025-08-01,3399.800048828125,98.69000244140624,4.21999979019165,67.33000183105469,20.3799991607666,36.7869987487793
2025-08-04,3426.39990234375,98.77999877929688,4.199999809265137,66.29000091552734,17.520000457763672,37.19200134277344
2025-08-05,3434.699951171875,98.77999877929688,4.196000099182129,65.16000366210938,17.850000381469727,37.6870002746582
2025-08-06,3433.39990234375,98.18000030517578,4.21999979019165,64.3499984741211,16.770000457763672,37.76599884033203
2025-08-07,3453.699951171875,98.4000015258789,4.24399995803833,63.880001068115234,16.56999969482422,38.15800094604492
2025-08-08,3491.300048828125,98.18000030517578,4.284999847412109,63.880001068115234,15.149999618530272,38.41699981689453
2025-08-11,3404.699951171875,98.5199966430664,4.2729997634887695,63.959999084472656,16.25,37.6619987487793
2025-08-12,3399.0,98.0999984741211,4.293000221252441,63.16999816894531,14.729999542236328,37.89899826049805
2025-08-13,3408.300048828125,97.83999633789062,4.23799991607666,62.650001525878906,14.489999771118164,38.499000549316406
2025-08-14,3383.199951171875,98.25,4.293000221252441,63.959999084472656,14.829999923706056,37.98199844360352
2025-08-15,3382.60009765625,97.8499984741211,4.328000068664551,62.79999923706055,15.09000015258789,37.89400100708008
2025-08-18,3378.0,98.16999816894533,4.341000080108643,63.41999816894531,14.989999771118164,37.95100021362305
2025-08-19,3358.699951171875,98.2699966430664,4.302000045776367,62.34999847412109,15.56999969482422,37.26100158691406
2025-08-20,3388.5,98.22000122070312,4.296000003814697,63.209999084472656,15.6899995803833,37.70500183105469
2025-08-21,3381.60009765625,98.62000274658205,4.329999923706055,63.52000045776367,16.600000381469727,38.027000427246094
2025-08-22,3418.5,97.72000122070312,4.260000228881836,63.65999984741211,14.220000267028809,39.00299835205078
2025-08-25,3417.5,98.43000030517578,4.275000095367432,64.80000305175781,14.789999961853027,38.67699813842773
2025-08-26,3433.0,98.2300033569336,4.257999897003174,63.25,14.619999885559082,38.58200073242188
2025-08-27,3448.60009765625,98.2300033569336,4.23799991607666,64.1500015258789,14.850000381469728,38.68899917602539
2025-08-28,3474.300048828125,97.80999755859376,4.206999778747559,64.5999984741211,14.43000030517578,39.18999862670898
2025-08-29,3516.10009765625,97.7699966430664,4.227000236511231,64.01000213623047,15.359999656677246,40.20000076293945
2025-09-02,3592.199951171875,98.4000015258789,4.276999950408936,65.58999633789062,17.170000076293945,41.07099914550781
2025-09-03,3635.5,98.13999938964844,4.210999965667725,63.970001220703125,16.350000381469727,41.54199981689453
2025-09-04,3606.699951171875,98.3499984741211,4.176000118255615,63.47999954223633,15.300000190734863,40.9109992980957
2025-09-05,3653.300048828125,97.7699966430664,4.085999965667725,61.869998931884766,15.180000305175781,41.07400131225586
2025-09-08,3677.39990234375,97.4499969482422,4.046000003814697,62.2599983215332,15.109999656677246,41.42599868774414
2025-09-09,3682.199951171875,97.79000091552734,4.073999881744385,62.630001068115234,15.039999961853027,40.87799835205078
2025-09-10,3682.0,97.77999877929688,4.0320000648498535,63.66999816894531,15.350000381469728,41.132999420166016
2025-09-11,3673.60009765625,97.54000091552734,4.011000156402588,62.369998931884766,14.710000038146973,41.696998596191406
2025-09-12,3686.39990234375,97.55000305175781,4.060999870300293,62.689998626708984,14.760000228881836,42.387001037597656
2025-09-15,3719.0,97.3000030517578,4.033999919891357,63.29999923706055,15.6899995803833,42.516998291015625
2025-09-16,3725.10009765625,96.62999725341797,4.026000022888184,64.5199966430664,16.360000610351562,42.47100067138672
2025-09-17,3717.800048828125,96.87000274658203,4.076000213623047,64.05000305175781,15.720000267028809,41.72200012207031
2025-09-18,3678.300048828125,97.3499984741211,4.104000091552734,63.56999969482422,15.699999809265137,41.707000732421875
2025-09-19,3705.800048828125,97.63999938964844,4.138999938964844,62.68000030517578,15.449999809265137,42.5359992980957
2025-09-22,3775.10009765625,97.33000183105469,4.14300012588501,62.63999938964844,16.100000381469727,43.79899978637695
2025-09-23,3815.699951171875,97.26000213623048,4.119999885559082,63.40999984741211,16.639999389648438,44.19200134277344
2025-09-24,3768.10009765625,97.87000274658203,4.146999835968018,64.98999786376953,16.18000030517578,43.777000427246094
2025-09-25,3771.10009765625,98.5500030517578,4.171999931335449,64.9800033569336,16.739999771118164,44.696998596191406
2025-09-26,3809.0,98.1500015258789,4.186999797821045,65.72000122070312,15.289999961853027,46.22100067138672
2025-09-29,3855.199951171875,97.91000366210938,4.140999794006348,63.45000076293945,16.1200008392334,46.61199951171875
2025-09-30,3873.199951171875,97.7699966430664,4.1479997634887695,62.369998931884766,16.280000686645508,46.25299835205078
2025-10-01,3897.5,97.70999908447266,4.105999946594238,61.779998779296875,16.290000915527344,47.290000915527344
2025-10-02,3868.10009765625,97.8499984741211,4.0879998207092285,60.47999954223633,16.6299991607666,46.0
2025-10-03,3908.89990234375,97.72000122070312,4.11899995803833,60.880001068115234,16.649999618530273,47.59700012207031
2025-10-06,3976.300048828125,98.11000061035156,4.162000179290772,61.68999862670898,16.3700008392334,48.08200073242188
2025-10-07,4004.39990234375,98.58000183105467,4.126999855041504,61.72999954223633,17.239999771118164,47.17900085449219
2025-10-08,4070.5,98.8499984741211,4.129000186920166,62.54999923706055,16.299999237060547,48.65599822998047
2025-10-09,3972.60009765625,99.54000091552734,4.1479997634887695,61.5099983215332,16.43000030517578,46.84999847412109
2025-10-10,4000.39990234375,98.9800033569336,4.051000118255615,58.900001525878906,21.65999984741211,46.9379997253418
2025-10-13,4133.0,99.2699966430664,4.051000118255615,59.4900016784668,19.030000686645508,50.130001068115234
2025-10-14,4163.39990234375,99.05000305175781,4.021999835968018,58.70000076293945,20.809999465942383,50.31399917602539
2025-10-15,4201.60009765625,98.79000091552734,4.046000003814697,58.27000045776367,20.63999938964844,51.073001861572266
2025-10-16,4304.60009765625,98.38999938964844,3.9760000705718994,57.459999084472656,25.309999465942383,53.02299880981445
2025-10-17,4213.2998046875,98.43000030517578,4.006999969482422,57.540000915527344,20.780000686645508,49.86399841308594
2025-10-20,4359.39990234375,98.58999633789062,3.986000061035156,57.52000045776367,18.229999542236328,51.11899948120117
2025-10-21,4109.10009765625,98.93000030517578,3.963000059127808,57.81999969482422,17.8700008392334,47.45000076293945
2025-10-22,4065.39990234375,98.9000015258789,3.953000068664551,58.5,18.600000381469727,47.46099853515625
2025-10-23,4145.60009765625,98.94000244140625,3.990999937057495,61.790000915527344,17.299999237060547,48.481998443603516
2025-10-24,4137.7998046875,98.9499969482422,3.996999979019165,61.5,16.3700008392334,48.37699890136719
2025-10-27,4019.699951171875,98.77999877929688,3.996999979019165,61.310001373291016,15.789999961853027,46.5620002746582
2025-10-28,3983.10009765625,98.69000244140624,3.983000040054321,60.150001525878906,16.420000076293945,47.125
2025-10-29,4000.699951171875,99.22000122070312,4.058000087738037,60.47999954223633,16.920000076293945,47.72100067138672
2025-10-30,4015.89990234375,99.52999877929688,4.0929999351501465,60.56999969482422,16.90999984741211,48.428001403808594
2025-10-31,3996.5,99.80000305175781,4.10099983215332,60.97999954223633,17.440000534057617,47.99399948120117
2025-11-03,4014.0,99.87000274658203,4.105999946594238,61.04999923706055,17.170000076293945,47.88800048828125
2025-11-04,3960.5,100.22000122070312,4.089000225067139,60.560001373291016,19.0,47.130001068115234
2025-11-05,3992.89990234375,100.19999694824219,4.1570000648498535,59.599998474121094,18.010000228881836,47.862998962402344
2025-11-06,3991.0,99.7300033569336,4.0929999351501465,59.43000030517578,19.5,47.79399871826172
2025-11-07,4009.800048828125,99.5999984741211,4.0929999351501465,59.75,19.079999923706055,48.016998291015625
2025-11-10,4122.0,99.62000274658203,4.110000133514404,60.130001068115234,17.600000381469727,50.176998138427734
2025-11-11,4106.7998046875,99.45999908447266,4.119999885559082,61.040000915527344,17.280000686645508,50.61800003051758
2025-11-12,4213.60009765625,99.4800033569336,4.065000057220459,58.4900016784668,17.510000228881836,53.33200073242188
2025-11-13,4194.5,99.18000030517578,4.111999988555908,58.68999862670898,20.0,53.07400131225586
2025-11-14,4094.199951171875,99.2699966430664,4.1479997634887695,60.09000015258789,19.829999923706055,50.59000015258789
2025-11-17,4074.5,99.58999633789062,4.132999897003174,59.90999984741211,22.3799991607666,50.625
2025-11-18,4066.5,99.55000305175781,4.123000144958496,60.7400016784668,24.690000534057617,50.45000076293945
2025-11-19,4082.800048828125,100.2300033569336,4.132999897003174,59.439998626708984,23.65999984741211,50.790000915527344
2025-11-20,4060.0,100.16000366210938,4.105999946594238,59.13999938964844,26.420000076293945,50.24700164794922
2025-11-21,4079.5,100.18000030517578,4.063000202178955,58.060001373291016,23.43000030517578,49.87300109863281
2025-11-24,4094.199951171875,100.13999938964844,4.038000106811523,58.84000015258789,20.520000457763672,50.29499816894531
2025-11-25,4140.0,99.66000366210938,4.001999855041504,57.95000076293945,18.559999465942383,50.933998107910156
2025-11-26,4165.2001953125,99.5999984741211,3.997999906539917,58.650001525878906,17.190000534057617,52.91600036621094
2025-11-28,4254.89990234375,99.45999908447266,4.017000198364258,58.54999923706055,16.350000381469727,56.44599914550781
2025-12-01,4274.7998046875,99.41000366210938,4.0960001945495605,59.31999969482422,17.239999771118164,58.417999267578125
2025-12-02,4220.7998046875,99.36000061035156,4.085999965667725,58.63999938964844,16.59000015258789,57.983001708984375
2025-12-03,4232.5,98.8499984741211,4.057000160217285,58.95000076293945,16.079999923706055,57.92100143432617
2025-12-04,4243.0,98.98999786376952,4.107999801635742,59.66999816894531,15.779999732971191,56.84700012207031
2025-12-05,4243.0,98.98999786376953,4.138999938964844,60.08000183105469,15.40999984741211,58.422000885009766
2025-12-08,4217.7001953125,99.08999633789062,4.171999931335449,58.880001068115234,16.65999984741211,57.77899932861328
2025-12-09,4236.2001953125,99.22000122070312,4.185999870300293,58.25,16.93000030517578,60.16899871826172
2025-12-10,4224.7001953125,98.79000091552734,4.164000034332275,58.459999084472656,15.770000457763672,60.37900161743164
2025-12-11,4313.0,98.3499984741211,4.140999794006348,57.599998474121094,14.850000381469727,63.92900085449219
2025-12-12,4328.2998046875,98.4000015258789,4.193999767303467,57.43999862670898,15.739999771118164,61.36199951171875
2025-12-15,4335.2001953125,98.1500015258789,4.182000160217285,56.81999969482422,16.5,62.93999862670898
2025-12-16,4332.2998046875,98.1500015258789,4.14900016784668,55.27000045776367,16.479999542236328,62.70000076293945
2025-12-17,4373.89990234375,98.37000274658205,4.151000022888184,55.93999862670898,17.6200008392334,66.23699951171875
2025-12-18,4364.5,98.43000030517578,4.116000175476074,56.150001525878906,16.8700008392334,64.59200286865234
2025-12-19,4387.2998046875,98.5999984741211,4.151000022888184,56.65999984741211,14.90999984741211,66.84500122070312
2025-12-22,4469.39990234375,98.29000091552734,4.169000148773193,58.0099983215332,14.079999923706056,67.90599822998047
2025-12-23,4505.7001953125,97.94000244140625,4.169000148773193,58.380001068115234,14.0,70.48500061035156
2025-12-24,4502.7998046875,97.9800033569336,4.136000156402588,58.349998474121094,13.470000267028809,71.03099822998047
2025-12-26,4552.7001953125,98.0199966430664,4.136000156402588,56.7400016784668,13.600000381469727,76.48600006103516
2025-12-29,4343.60009765625,98.04000091552734,4.116000175476074,58.08000183105469,14.199999809265137,69.85600280761719
2025-12-30,4386.2998046875,98.23999786376953,4.130000114440918,57.95000076293945,14.329999923706055,77.3740005493164
2025-12-31,4341.10009765625,98.27999877929688,4.163000106811523,57.41999816894531,14.949999809265137,70.13400268554688
2026-01-02,4329.60009765625,98.41999816894533,4.186999797821045,57.31999969482422,14.510000228881836,70.55599975585938
2026-01-05,4451.5,98.2699966430664,4.164999961853027,58.31999969482422,14.899999618530272,76.16400146484375
2026-01-06,4496.10009765625,98.58000183105467,4.178999900817871,57.130001068115234,14.75,80.52999877929688
2026-01-07,4462.5,98.68000030517578,4.138000011444092,55.9900016784668,15.380000114440918,77.13500213623047
2026-01-08,4460.7001953125,98.93000030517578,4.183000087738037,57.7599983215332,15.449999809265137,74.71600341796875
2026-01-09,4500.89990234375,99.12999725341797,4.171000003814697,59.119998931884766,14.489999771118164,78.88400268554688
2026-01-12,4614.7001953125,98.86000061035156,4.186999797821045,59.5,15.119999885559082,84.61000061035156
2026-01-13,4599.10009765625,99.12999725341797,4.171000003814697,61.150001525878906,15.979999542236328,85.87699890136719
2026-01-14,4635.7001953125,99.12999725341797,4.139999866485596,62.02000045776367,16.75,90.86900329589844
2026-01-15,4623.7001953125,99.31999969482422,4.159999847412109,59.18999862670898,15.84000015258789,91.8759994506836
2026-01-16,4595.39990234375,99.38999938964844,4.230999946594238,59.439998626708984,15.859999656677246,88.09100341796875
2026-01-20,4765.7998046875,98.63999938964844,4.295000076293945,60.34000015258789,20.09000015258789,94.20600128173828
2026-01-21,4837.5,98.76000213623047,4.252999782562256,60.619998931884766,16.899999618530273,92.20999908447266
2026-01-22,4913.39990234375,98.36000061035156,4.249000072479248,59.36000061035156,15.640000343322754,95.97599792480467
2026-01-23,4979.7001953125,97.5999984741211,4.238999843597412,61.06999969482422,16.09000015258789,100.92500305175781
2026-01-26,5082.5,97.04000091552734,4.2129998207092285,60.630001068115234,16.149999618530273,115.08000183105469
2026-01-27,5082.60009765625,96.22000122070312,4.2230000495910645,62.38999938964844,16.350000381469727,105.52300262451172
2026-01-28,5303.60009765625,96.4499969482422,4.250999927520752,63.209999084472656,16.350000381469727,113.11100006103516
2026-01-29,5318.39990234375,96.27999877929688,4.227000236511231,65.41999816894531,16.8799991607666,114.03700256347656
2026-01-30,4745.10009765625,96.98999786376952,4.241000175476074,65.20999908447266,17.440000534057617,78.29000091552734
2026-02-02,4652.60009765625,97.61000061035156,4.275000095367432,62.13999938964844,16.34000015258789,76.77799987792969
2026-02-03,4935.0,97.44000244140624,4.27400016784668,63.209999084472656,18.0,83.04199981689453
2026-02-04,4950.7998046875,97.62000274658205,4.275000095367432,65.13999938964844,18.63999938964844,84.16500091552734
2026-02-05,4889.5,97.81999969482422,4.210000038146973,63.290000915527344,21.770000457763672,76.52899932861328
2026-02-06,4979.7998046875,97.62999725341795,4.205999851226807,63.54999923706055,20.3700008392334,76.73500061035156
2026-02-09,5079.39990234375,96.81999969482422,4.197999954223633,64.36000061035156,17.360000610351562,82.06500244140625
2026-02-10,5031.0,96.8000030517578,4.146999835968018,63.959999084472656,17.790000915527344,80.21800231933594
2026-02-11,5098.5,96.83000183105467,4.171999931335449,64.62999725341797,17.649999618530273,83.75399780273438
2026-02-12,4948.39990234375,96.93000030517578,4.104000091552734,62.84000015258789,20.81999969482422,75.5459976196289
2026-02-13,5046.2998046875,96.87999725341795,4.056000232696533,62.88999938964844,20.600000381469727,77.85099792480469
2026-02-17,4905.89990234375,97.16000366210938,4.052000045776367,62.33000183105469,20.290000915527344,73.4469985961914
2026-02-18,5009.5,97.69999694824219,4.078999996185303,65.19000244140625,19.6200008392334,77.50900268554688
2026-02-19,4997.39990234375,97.93000030517578,4.074999809265137,66.43000030517578,20.229999542236328,77.56500244140625
2026-02-20,5080.89990234375,97.80000305175781,4.085999965667725,66.38999938964844,19.09000015258789,82.28299713134766
2026-02-23,5225.60009765625,97.69999694824219,4.0289998054504395,66.30999755859375,21.010000228881836,86.52300262451172
2026-02-24,5176.2998046875,97.87999725341797,4.0329999923706055,65.62999725341797,19.549999237060547,87.45700073242188
2026-02-25,5226.2001953125,97.69999694824219,4.047999858856201,65.41999816894531,17.93000030517578,90.93900299072266
2026-02-26,5194.2001953125,97.79000091552734,4.017000198364258,65.20999908447266,18.6299991607666,86.99800109863281
2026-02-27,5247.89990234375,97.61000061035156,3.9619998931884766,67.0199966430664,19.860000610351562,92.68199920654297
2026-03-02,5311.60009765625,98.37999725341795,4.047999858856201,71.2300033569336,21.440000534057617,88.28399658203125
2026-03-03,5123.7001953125,99.05000305175781,4.056000232696533,74.55999755859375,23.56999969482422,82.9229965209961
2026-03-04,5134.7001953125,98.7699966430664,4.079999923706055,74.66000366210938,21.149999618530273,82.63300323486328
2026-03-05,5078.7001953125,99.31999969482422,4.145999908447266,81.01000213623047,23.75,81.68699645996094
2026-03-06,5158.7001953125,98.98999786376952,4.132999897003174,90.9000015258789,29.489999771118164,83.81600189208984
2026-03-09,5103.7001953125,99.18000030517578,4.136000156402588,94.7699966430664,25.5,84.03199768066406
2026-03-10,5242.10009765625,98.83000183105469,4.136000156402588,83.44999694824219,24.93000030517578,89.08300018310547
2026-03-11,5179.10009765625,99.2300033569336,4.208000183105469,87.25,24.229999542236328,85.06500244140625
2026-03-12,5125.7998046875,99.73999786376952,4.2729997634887695,95.7300033569336,27.290000915527344,84.66999816894531
2026-03-13,5061.7001953125,100.36000061035156,4.284999847412109,98.70999908447266,27.190000534057617,80.91400146484375
2026-03-16,5002.2001953125,99.70999908447266,4.21999979019165,93.5,23.510000228881836,80.26300048828125
2026-03-17,5008.2001953125,99.58000183105469,4.202000141143799,96.20999908447266,22.3700008392334,79.52999877929688
2026-03-18,4896.2001953125,100.08999633789062,4.258999824523926,96.31999969482422,25.09000015258789,77.23799896240234
2026-03-19,4605.7001953125,99.2300033569336,4.281000137329102,96.13999938964844,24.059999465942383,70.9020004272461
2026-03-20,4574.89990234375,99.6500015258789,4.390999794006348,98.31999969482422,26.780000686645508,69.36000061035156
2026-03-23,4407.2998046875,98.94999694824219,4.334000110626221,88.12999725341797,26.149999618530273,69.04900360107422
2026-03-24,4402.0,99.43000030517578,4.392000198364258,92.3499984741211,26.950000762939453,69.27400207519531
2026-03-25,4552.2998046875,99.5999984741211,4.328000068664551,90.31999969482422,25.329999923706055,72.36100006103516
2026-03-26,4376.2998046875,99.9000015258789,4.415999889373779,94.4800033569336,27.440000534057617,67.6709976196289
2026-03-27,4492.5,100.1500015258789,4.440000057220459,99.63999938964844,31.049999237060547,69.54499816894531
2026-03-30,4526.0,100.51000213623048,4.3420000076293945,102.87999725341795,30.61000061035156,70.3239974975586
2026-03-31,4647.60009765625,99.95999908447266,4.310999870300293,101.37999725341797,25.25,74.69000244140625
2026-04-01,4813.10009765625,99.6500015258789,4.318999767303467,100.12000274658203,24.540000915527344,75.86699676513672
2026-04-02,4679.7001953125,100.02999877929688,4.313000202178955,111.54000091552734,23.8700008392334,72.73500061035156
2026-04-06,4684.7001953125,99.9800033569336,4.335000038146973,112.41000366210938,24.170000076293945,72.66100311279297
2026-04-07,4684.7001953125,99.63999938964844,4.3429999351501465,112.9499969482422,25.780000686645508,71.82599639892578
2026-04-08,4777.2001953125,99.12999725341795,4.290999889373779,94.41000366210938,21.040000915527344,75.2239990234375
2026-04-09,4818.0,98.81999969482422,4.293000221252441,97.87000274658205,19.489999771118164,76.2770004272461
2026-04-10,4787.39990234375,98.6500015258789,4.316999912261963,96.56999969482422,19.229999542236328,76.3239974975586
2026-04-13,4767.39990234375,98.37000274658205,4.296999931335449,99.08000183105467,19.1200008392334,75.52300262451172
2026-04-14,4850.10009765625,98.12000274658205,4.25600004196167,91.27999877929688,18.36000061035156,79.39099884033203
2026-04-15,4823.60009765625,98.05999755859376,4.2820000648498535,91.29000091552734,18.170000076293945,79.49099731445312
2026-04-16,4808.2998046875,98.22000122070312,4.309000015258789,94.69000244140625,17.940000534057617,78.60600280761719
2026-04-17,4879.60009765625,98.0999984741211,4.245999813079834,83.8499984741211,17.479999542236328,81.73799896240234
2026-04-20,4828.7998046875,98.05000305175781,4.25,89.61000061035156,18.8700008392334,79.95099639892578
2026-04-21,4719.60009765625,98.41000366210938,4.291999816894531,92.12999725341797,19.5,76.41100311279297
2026-04-22,4753.0,98.58999633789062,4.294000148773193,92.95999908447266,18.920000076293945,77.89299774169922
2026-04-23,4724.0,98.8000030517578,4.322999954223633,95.8499984741211,19.309999465942383,75.46499633789062
2026-04-24,4740.89990234375,98.51000213623047,4.309999942779541,94.4000015258789,18.709999084472656,76.38300323486328
2026-04-27,4693.7001953125,98.4800033569336,4.335999965667725,96.37000274658205,18.020000457763672,75.00299835205078
2026-04-28,4608.39990234375,98.62000274658205,4.354000091552734,99.93000030517578,17.829999923706055,73.20500183105469
2026-04-29,4561.5,98.91999816894531,4.418000221252441,106.87999725341797,18.809999465942383,71.56900024414062
2026-04-30,4629.60009765625,98.08000183105469,4.389999866485596,105.06999969482422,16.889999389648438,73.53399658203125
2026-05-01,4644.5,98.20999908447266,4.377999782562256,101.94000244140625,16.989999771118164,75.95099639892578
2026-05-04,4533.2998046875,98.47000122070312,4.446000099182129,106.41999816894531,18.290000915527344,73.0719985961914
2026-05-05,4568.5,98.4800033569336,4.415999889373779,102.2699966430664,17.3799991607666,73.10800170898438
2026-05-06,4694.2998046875,98.0199966430664,4.355999946594238,95.08000183105469,17.389999389648438,76.81099700927734
2026-05-07,4710.89990234375,98.25,4.392000198364258,94.80999755859375,17.079999923706055,79.70099639892578
2026-05-08,4730.7001953125,97.83999633789062,4.363999843597412,95.41999816894531,17.190000534057617,80.3949966430664
2026-05-11,4728.7001953125,97.94000244140625,4.409999847412109,98.06999969482422,18.3799991607666,85.48500061035156
2026-05-12,4686.7001953125,98.29000091552734,4.4629998207092285,102.18000030517578,17.989999771118164,85.12999725341797
2026-05-13,4706.7001953125,98.4800033569336,4.480999946594238,101.0199966430664,17.8700008392334,88.88800048828125
2026-05-14,4685.2998046875,98.87999725341797,4.460999965667725,101.16999816894531,17.260000228881836,84.91200256347656
2026-05-15,4561.89990234375,99.2699966430664,4.59499979019165,105.41999816894531,18.43000030517578,77.16100311279297
2026-05-18,4558.0,98.97000122070312,4.623000144958496,108.66000366210938,17.81999969482422,77.072998046875
2026-05-19,4511.2001953125,99.30000305175781,4.666999816894531,107.7699966430664,18.059999465942383,74.8280029296875
2026-05-20,4535.2998046875,99.11000061035156,4.572000026702881,98.26000213623048,17.440000534057617,75.85099792480469
2026-05-21,4542.5,99.19000244140624,4.585999965667725,96.3499984741211,16.760000228881836,76.41400146484375
2026-05-22,4523.2001953125,99.31999969482422,4.558000087738037,96.5999984741211,16.700000762939453,75.89299774169922
2026-05-25,4523.2001953125,99.31999969482422,4.558000087738037,96.5999984741211,16.59000015258789,75.89299774169922
2026-05-26,4502.2998046875,99.16999816894531,4.493000030517578,93.88999938964844,17.010000228881836,76.30500030517578
2026-05-27,4448.39990234375,99.20999908447266,4.480999946594238,88.68000030517578,16.290000915527344,74.5989990234375
2026-05-28,4499.2998046875,99.0199966430664,4.454999923706055,88.9000015258789,15.739999771118164,75.6449966430664
2026-05-29,4593.0,98.91000366210938,4.453000068664551,87.36000061035156,15.31999969482422,75.61599731445312
2026-06-01,4506.2998046875,99.19999694824219,4.474999904632568,92.16000366210938,16.049999237060547,75.00700378417969
2026-06-02,4519.89990234375,99.22000122070312,4.454999923706055,93.76000213623047,15.770000457763672,75.31099700927734
2026-06-03,4466.89990234375,99.52999877929688,4.491000175476074,96.0199966430664,16.059999465942383,73.47599792480469
2026-06-04,4505.0,99.41000366210938,4.477000236511231,93.04000091552734,15.399999618530272,73.77899932861328
2026-06-05,4365.2998046875,100.06999969482422,4.535999774932861,90.54000091552734,21.510000228881836,68.94300079345703
2026-06-08,4363.39990234375,100.05000305175781,4.552000045776367,91.30000305175781,18.920000076293945,68.42500305175781
2026-06-09,4286.39990234375,99.91000366210938,4.5279998779296875,88.19999694824219,19.8700008392334,65.09400177001953
2026-06-10,4133.2998046875,99.94999694824219,4.541999816894531,90.02999877929688,22.219999313354492,64.5989990234375
2026-06-11,4114.0,99.86000061035156,4.4629998207092285,87.70999908447266,19.440000534057617,63.8849983215332
2026-06-12,4238.7998046875,99.75,4.486999988555908,84.87999725341797,17.68000030517578,67.85900115966797
2026-06-15,4351.60009765625,99.62999725341797,4.468999862670898,80.75,16.200000762939453,70.06600189208984
2026-06-16,4354.39990234375,99.54000091552734,4.427999973297119,76.05000305175781,16.40999984741211,69.89900207519531
2026-06-17,4381.39990234375,100.08999633789062,4.4629998207092285,76.79000091552734,18.440000534057617,70.69599914550781
2026-06-18,4245.89990234375,100.8499984741211,4.451000213623047,76.5999984741211,16.399999618530273,66.25499725341797
2026-06-22,4202.7001953125,101.0199966430664,4.508999824523926,74.81999969482422,17.280000686645508,65.5270004272461
2026-06-23,4149.39990234375,101.41000366210938,4.493000030517578,73.20999908447266,19.489999771118164,62.02000045776367
2026-06-24,4008.800048828125,101.61000061035156,4.4019999504089355,70.33999633789062,18.6299991607666,58.051998138427734
2026-06-25,4047.60009765625,101.43000030517578,4.392000198364258,71.91999816894531,18.889999389648438,58.347999572753906
2026-06-26,4096.2998046875,101.36000061035156,4.372000217437744,69.2300033569336,18.40999984741211,59.21699905395508
2026-06-29,4038.89990234375,101.11000061035156,4.374000072479248,70.75,17.649999618530273,58.17499923706055
2026-06-30,4038.5,101.19000244140625,4.418000221252441,69.5,16.450000762939453,59.47700119018555
2026-07-01,4082.39990234375,101.38999938964844,4.474999904632568,68.58000183105469,16.59000015258789,60.084999084472656
2026-07-02,4112.7001953125,100.86000061035156,4.485000133514404,68.69000244140625,16.149999618530273,60.643001556396484
2026-07-06,4167.5,100.8499984741211,4.479000091552734,68.55000305175781,15.569999694824219,61.91999816894531
2026-07-07,4157.39990234375,101.13999938964844,4.52899980545044,70.44000244140625,16.1299991607666,60.930999755859375
2026-07-08,4082.39990234375,101.05000305175781,4.568999767303467,73.5199966430664,16.899999618530273,58.16400146484375
2026-07-09,4140.7998046875,100.94000244140625,4.539000034332275,72.08000183105469,15.84000015258789,60.37799835205078
2026-07-10,4113.7001953125,100.97000122070312,4.568999767303467,71.41000366210938,15.029999732971191,59.808998107910156
2026-07-13,4005.699951171875,101.27999877929688,4.609000205993652,78.13999938964844,17.15999984741211,57.63399887084961
2026-07-14,4069.699951171875,100.94000244140625,4.585000038146973,79.33999633789062,16.5,58.77199935913086
2026-07-15,4051.800048828125,100.5,4.545000076293945,79.5999984741211,15.670000076293945,57.11000061035156
2026-07-16,3992.10009765625,100.7300033569336,4.568999767303467,78.94999694824219,16.729999542236328,55.89799880981445
2026-07-17,4018.800048828125,100.75,4.540999889373779,82.48999786376953,18.770000457763672,56.03799819946289
2026-07-20,4015.89990234375,100.98999786376953,4.5980000495910645,83.2300033569336,18.649999618530273,56.801998138427734
2026-07-21,4076.39990234375,101.18000030517578,4.627999782562256,84.91000366210938,17.049999237060547,58.834999084472656
2026-07-22,4151.89990234375,101.13999938964844,4.6570000648498535,86.83000183105469,16.639999389648438,60.01900100708008
2026-07-23,4050.199951171875,101.43000030517578,4.703000068664551,92.19000244140624,18.700000762939453,57.79800033569336
2026-07-24,4070.800048828125,101.47000122070312,4.678999900817871,89.30999755859375,18.57999992370605,58.65599822998047
2026-07-27,4077.0,101.51000213623047,4.640999794006348,82.61000061035156,18.670000076293945,58.47200012207031
2026-07-28,4038.699951171875,101.37999725341795,4.604000091552734,79.26000213623047,18.209999084472656,57.29600143432617
2026-07-29,4036.300048828125,100.8000030517578,4.622000217437744,84.45999908447266,20.65999984741211,57.86299896240234
2026-07-30,4100.10009765625,100.01000213623048,4.663000106811523,83.58999633789062,17.09000015258789,58.81499862670898
2026-07-31,4107.0,99.80000305175781,4.744999885559082,84.66999816894531,15.989999771118164,57.590999603271484
2026-08-03,4090.5,99.95999908447266,4.685999870300293,80.33999633789062,15.859999656677246,57.66699981689453
2026-08-04,4152.60009765625,99.88999938964844,4.626999855041504,75.7699966430664,16.5,60.055999755859375
2026-08-05,4305.2001953125,99.69000244140625,4.617000102996826,75.22000122070312,15.8100004196167,62.0989990234375
2026-08-06,4299.60009765625,99.97000122070312,4.670000076293945,77.29000091552734,15.149999618530272,61.43899917602539
2026-08-07,4399.7001953125,99.5999984741211,4.659999847412109,78.18000030517578,14.899999618530272,63.33200073242188
2026-08-10,4419.7001953125,99.80999755859376,4.698999881744385,82.12999725341797,15.460000038146973,65.10600280761719
2026-08-11,4441.10009765625,99.81999969482422,4.684000015258789,83.19999694824219,15.279999732971191,64.76899719238281
2026-08-12,4467.5,100.01000213623047,4.682000160217285,83.2699966430664,14.550000190734863,65.55500030517578
2026-08-13,4420.39990234375,99.95999908447266,4.640999794006348,81.25,14.630000114440918,64.87300109863281
2026-08-14,4437.2998046875,99.66999816894531,4.696000099182129,82.4000015258789,14.25,64.98799896240234
2026-08-17,4473.7001953125,99.63999938964844,4.723999977111816,84.5,15.1899995803833,66.12100219726562
2026-08-18,4420.60009765625,99.6500015258789,4.705999851226807,84.94000244140625,15.84000015258789,63.941001892089844
2026-08-19,4545.2998046875,98.83000183105469,4.6529998779296875,85.83000183105469,14.890000343322754,65.73400115966797
2026-08-20,4571.39990234375,98.9000015258789,4.696000099182129,87.83000183105469,16.010000228881836,68.0260009765625
2026-08-21,4680.60009765625,98.80000305175781,4.73799991607666,87.05999755859375,15.130000114440918,69.46600341796875
2026-08-24,4697.7998046875,99.0,4.703999996185303,85.01000213623047,15.850000381469727,68.54100036621094
2026-08-25,4694.5,98.91999816894533,4.638999938964844,82.36000061035156,15.449999809265137,68.63600158691406
2026-08-26,4653.2998046875,99.16999816894531,4.664000034332275,82.2300033569336,15.210000038146973,67.98999786376953
2026-08-27,4664.0,99.16000366210938,4.671999931335449,83.52999877929688,14.510000228881836,69.42900085449219
2026-08-28,4529.89990234375,99.69999694824219,4.71999979019165,83.4000015258789,14.430000305175781,66.99500274658203
2026-08-30,4498.5,99.6269989013672,4.71999979019165,85.08000183105469,14.43000030517578,66.87999725341797
2026-08-31,4481.5,99.43000030517578,4.757999897003174,85.76000213623047,14.920000076293945,66.22100067138672
2026-09-01,4396.39990234375,99.66999816894533,4.796000003814697,90.22000122070312,16.34000015258789,64.61799621582031
2026-09-02,4414.60009765625,99.55999755859376,4.796000003814697,91.01000213623048,15.199999809265137,64.7229995727539
2026-09-03,4539.89990234375,99.0,4.76200008392334,91.3000030517578,14.31999969482422,66.9729995727539
2026-09-04,4476.60009765625,99.16000366210938,4.783999919891357,91.4800033569336,14.529999732971191,66.0469970703125
2026-09-06,4476.60009765625,99.13999938964844,4.783999919891357,91.4800033569336,14.529999732971191,66.74800109863281
2026-09-07,4467.10009765625,99.16000366210938,4.783999919891357,91.4800033569336,15.300000190734863,66.0469970703125
2026-09-08,4439.0,98.83999633789062,4.806000232696533,93.02999877929688,15.720000267028809,66.2969970703125
2026-09-09,4460.7001953125,98.7699966430664,4.836999893188477,96.0500030517578,16.459999084472656,67.94200134277344
2026-09-10,4407.2998046875,99.08999633789062,4.943999767303467,102.4800033569336,17.84000015258789,64.28399658203125
2026-09-11,4408.89990234375,99.12000274658203,4.974999904632568,100.05000305175781,15.84000015258789,64.55400085449219
2026-09-13,4373.0,99.21600341796876,4.974999904632568,103.0999984741211,15.84000015258789,64.37999725341797
2026-09-14,4351.89990234375,99.45999908447266,4.960999965667725,101.38999938964844,17.100000381469727,63.51300048828125
2026-09-15,4332.7998046875,99.6500015258789,4.995999813079834,105.83000183105469,17.200000762939453,63.236000061035156
2026-09-16,4387.5,100.30999755859376,5.00600004196167,102.43000030517578,17.709999084472656,64.28800201416016
2026-09-17,4399.7001953125,100.22000122070312,4.947000026702881,101.91000366210938,15.4399995803833,65.47000122070312
2026-09-18,4424.89990234375,100.22000122070312,4.998000144958496,100.30000305175781,14.8100004196167,66.55599975585938
2026-09-20,4421.5,100.2229995727539,4.998000144958496,93.68000030517578,14.8100004196167,67.51000213623047
2026-09-21,4383.89990234375,100.43000030517578,4.9629998207092285,95.77999877929688,14.869999885559082,65.82499694824219
2026-09-22,4376.39990234375,100.43000030517578,4.9629998207092285,94.58999633789062,14.869999885559082,65.93199920654297
2026-09-23,4318.39990234375,101.0999984741211,5.113999843597412,92.16000366210938,15.18000030517578,64.38200378417969
2026-09-24,4328.7001953125,101.25700378417969,5.161999702453613,93.22000122070312,15.670000076293945,64.33999633789062
